session_key,meeting_key,team_name,track_name,starting_position,starting_compound,pit_stops,target_compound,air_temp_mean,air_temp_max,track_temp_mean,track_temp_max,humidity_mean,wind_speed_mean,rainfall_sum,rain_minutes_ratio
10029,1259,Alpine,Miami,17.0,SOFT,8,SOFT,27.974358974358967,28.8,41.015384615384605,46.9,63.05128205128205,2.519230769230769,0.0,0.0
10029,1259,Aston Martin,Miami,17.5,SOFT,6,SOFT,27.974358974358967,28.8,41.015384615384605,46.9,63.05128205128205,2.519230769230769,0.0,0.0
10029,1259,Ferrari,Miami,10.0,SOFT,11,SOFT,27.974358974358967,28.8,41.015384615384605,46.9,63.05128205128205,2.519230769230769,0.0,0.0
10029,1259,Haas F1 Team,Miami,14.0,SOFT,9,SOFT,27.974358974358967,28.8,41.015384615384605,46.9,63.05128205128205,2.519230769230769,0.0,0.0
10029,1259,Kick Sauber,Miami,14.5,SOFT,8,SOFT,27.974358974358967,28.8,41.015384615384605,46.9,63.05128205128205,2.519230769230769,0.0,0.0
10029,1259,McLaren,Miami,3.0,SOFT,11,SOFT,27.974358974358967,28.8,41.015384615384605,46.9,63.05128205128205,2.519230769230769,0.0,0.0
10029,1259,Mercedes,Miami,4.0,SOFT,14,SOFT,27.974358974358967,28.8,41.015384615384605,46.9,63.05128205128205,2.519230769230769,0.0,0.0
10029,1259,Racing Bulls,Miami,13.0,SOFT,10,SOFT,27.974358974358967,28.8,41.015384615384605,46.9,63.05128205128205,2.519230769230769,0.0,0.0
10029,1259,Red Bull Racing,Miami,5.5,SOFT,13,SOFT,27.974358974358967,28.8,41.015384615384605,46.9,63.05128205128205,2.519230769230769,0.0,0.0
10029,1259,Williams,Miami,6.5,SOFT,14,SOFT,27.974358974358967,28.8,41.015384615384605,46.9,63.05128205128205,2.519230769230769,0.0,0.0
10033,1259,Alpine,Miami,10.0,HARD,1,MEDIUM,26.573154362416112,28.0,38.69060402684564,45.2,63.02013422818792,1.0469798657718121,5.0,0.03355704697986577
10033,1259,Aston Martin,Miami,10.0,HARD,2,MEDIUM,26.573154362416112,28.0,38.69060402684564,45.2,63.02013422818792,1.0469798657718121,5.0,0.03355704697986577
10033,1259,Ferrari,Miami,10.0,HARD,2,MEDIUM,26.573154362416112,28.0,38.69060402684564,45.2,63.02013422818792,1.0469798657718121,5.0,0.03355704697986577
10033,1259,Haas F1 Team,Miami,10.0,HARD,1,MEDIUM,26.573154362416112,28.0,38.69060402684564,45.2,63.02013422818792,1.0469798657718121,5.0,0.03355704697986577
10033,1259,Kick Sauber,Miami,10.0,HARD,2,MEDIUM,26.573154362416112,28.0,38.69060402684564,45.2,63.02013422818792,1.0469798657718121,5.0,0.03355704697986577
10033,1259,McLaren,Miami,10.0,MEDIUM,2,HARD,26.573154362416112,28.0,38.69060402684564,45.2,63.02013422818792,1.0469798657718121,5.0,0.03355704697986577
10033,1259,Mercedes,Miami,10.0,HARD,2,MEDIUM,26.573154362416112,28.0,38.69060402684564,45.2,63.02013422818792,1.0469798657718121,5.0,0.03355704697986577
10033,1259,Racing Bulls,Miami,10.0,HARD,2,MEDIUM,26.573154362416112,28.0,38.69060402684564,45.2,63.02013422818792,1.0469798657718121,5.0,0.03355704697986577
10033,1259,Red Bull Racing,Miami,10.0,MEDIUM,2,HARD,26.573154362416112,28.0,38.69060402684564,45.2,63.02013422818792,1.0469798657718121,5.0,0.03355704697986577
10033,1259,Williams,Miami,10.0,MEDIUM,2,HARD,26.573154362416112,28.0,38.69060402684564,45.2,63.02013422818792,1.0469798657718121,5.0,0.03355704697986577
7763,1140,Alfa Romeo,Sakhir,10.0,MEDIUM,0,SOFT,26.835254237288133,31.5,36.44491525423729,44.0,26.076271186440678,2.0916949152542372,0.0,0.0
7763,1140,AlphaTauri,Sakhir,10.0,MEDIUM,0,SOFT,26.835254237288133,31.5,36.44491525423729,44.0,26.076271186440678,2.0916949152542372,0.0,0.0
7763,1140,Alpine,Sakhir,10.0,MEDIUM,0,TEST_UNKNOWN,26.835254237288133,31.5,36.44491525423729,44.0,26.076271186440678,2.0916949152542372,0.0,0.0
7763,1140,Aston Martin,Sakhir,10.0,MEDIUM,0,HARD,26.835254237288133,31.5,36.44491525423729,44.0,26.076271186440678,2.0916949152542372,0.0,0.0
7763,1140,Ferrari,Sakhir,10.0,MEDIUM,0,HARD,26.835254237288133,31.5,36.44491525423729,44.0,26.076271186440678,2.0916949152542372,0.0,0.0
7763,1140,Haas F1 Team,Sakhir,10.0,MEDIUM,0,HARD,26.835254237288133,31.5,36.44491525423729,44.0,26.076271186440678,2.0916949152542372,0.0,0.0
7763,1140,McLaren,Sakhir,10.0,MEDIUM,0,HARD,26.835254237288133,31.5,36.44491525423729,44.0,26.076271186440678,2.0916949152542372,0.0,0.0
7763,1140,Mercedes,Sakhir,10.0,MEDIUM,0,TEST_UNKNOWN,26.835254237288133,31.5,36.44491525423729,44.0,26.076271186440678,2.0916949152542372,0.0,0.0
7763,1140,Red Bull Racing,Sakhir,10.0,TEST_UNKNOWN,0,MEDIUM,26.835254237288133,31.5,36.44491525423729,44.0,26.076271186440678,2.0916949152542372,0.0,0.0
7763,1140,Williams,Sakhir,10.0,SOFT,0,MEDIUM,26.835254237288133,31.5,36.44491525423729,44.0,26.076271186440678,2.0916949152542372,0.0,0.0
7764,1140,Alfa Romeo,Sakhir,10.0,MEDIUM,0,SOFT,26.64199655765921,29.2,36.38468158347676,44.2,42.820998278829606,1.1542168674698794,0.0,0.0
7764,1140,AlphaTauri,Sakhir,10.0,MEDIUM,0,SOFT,26.64199655765921,29.2,36.38468158347676,44.2,42.820998278829606,1.1542168674698794,0.0,0.0
7764,1140,Alpine,Sakhir,10.0,MEDIUM,0,HARD,26.64199655765921,29.2,36.38468158347676,44.2,42.820998278829606,1.1542168674698794,0.0,0.0
7764,1140,Aston Martin,Sakhir,10.0,MEDIUM,0,SOFT,26.64199655765921,29.2,36.38468158347676,44.2,42.820998278829606,1.1542168674698794,0.0,0.0
7764,1140,Ferrari,Sakhir,10.0,MEDIUM,0,SOFT,26.64199655765921,29.2,36.38468158347676,44.2,42.820998278829606,1.1542168674698794,0.0,0.0
7764,1140,Haas F1 Team,Sakhir,10.0,MEDIUM,0,SOFT,26.64199655765921,29.2,36.38468158347676,44.2,42.820998278829606,1.1542168674698794,0.0,0.0
7764,1140,McLaren,Sakhir,10.0,MEDIUM,0,HARD,26.64199655765921,29.2,36.38468158347676,44.2,42.820998278829606,1.1542168674698794,0.0,0.0
7764,1140,Mercedes,Sakhir,10.0,MEDIUM,0,SOFT,26.64199655765921,29.2,36.38468158347676,44.2,42.820998278829606,1.1542168674698794,0.0,0.0
7764,1140,Red Bull Racing,Sakhir,10.0,MEDIUM,0,SOFT,26.64199655765921,29.2,36.38468158347676,44.2,42.820998278829606,1.1542168674698794,0.0,0.0
7764,1140,Williams,Sakhir,10.0,SOFT,0,MEDIUM,26.64199655765921,29.2,36.38468158347676,44.2,42.820998278829606,1.1542168674698794,0.0,0.0
7765,1141,Alfa Romeo,Sakhir,10.0,MEDIUM,0,SOFT,26.989285714285717,27.6,40.482142857142854,42.7,12.261904761904763,2.5797619047619045,0.0,0.0
7765,1141,AlphaTauri,Sakhir,10.0,MEDIUM,0,SOFT,26.989285714285717,27.6,40.482142857142854,42.7,12.261904761904763,2.5797619047619045,0.0,0.0
7765,1141,Alpine,Sakhir,10.0,MEDIUM,0,MEDIUM,26.989285714285717,27.6,40.482142857142854,42.7,12.261904761904763,2.5797619047619045,0.0,0.0
7765,1141,Aston Martin,Sakhir,10.0,MEDIUM,0,SOFT,26.989285714285717,27.6,40.482142857142854,42.7,12.261904761904763,2.5797619047619045,0.0,0.0
7765,1141,Ferrari,Sakhir,10.0,MEDIUM,0,MEDIUM,26.989285714285717,27.6,40.482142857142854,42.7,12.261904761904763,2.5797619047619045,0.0,0.0
7765,1141,Haas F1 Team,Sakhir,10.0,SOFT,0,SOFT,26.989285714285717,27.6,40.482142857142854,42.7,12.261904761904763,2.5797619047619045,0.0,0.0
7765,1141,McLaren,Sakhir,10.0,MEDIUM,0,SOFT,26.989285714285717,27.6,40.482142857142854,42.7,12.261904761904763,2.5797619047619045,0.0,0.0
7765,1141,Mercedes,Sakhir,10.0,MEDIUM,0,UNKNOWN,26.989285714285717,27.6,40.482142857142854,42.7,12.261904761904763,2.5797619047619045,0.0,0.0
7765,1141,Red Bull Racing,Sakhir,10.0,MEDIUM,0,SOFT,26.989285714285717,27.6,40.482142857142854,42.7,12.261904761904763,2.5797619047619045,0.0,0.0
7765,1141,Williams,Sakhir,10.0,HARD,0,MEDIUM,26.989285714285717,27.6,40.482142857142854,42.7,12.261904761904763,2.5797619047619045,0.0,0.0
7766,1141,Alfa Romeo,Sakhir,10.0,MEDIUM,0,SOFT,22.87294117647059,23.6,26.972941176470584,28.5,23.31764705882353,1.0823529411764705,0.0,0.0
7766,1141,AlphaTauri,Sakhir,10.0,MEDIUM,0,SOFT,22.87294117647059,23.6,26.972941176470584,28.5,23.31764705882353,1.0823529411764705,0.0,0.0
7766,1141,Alpine,Sakhir,10.0,SOFT,0,SOFT,22.87294117647059,23.6,26.972941176470584,28.5,23.31764705882353,1.0823529411764705,0.0,0.0
7766,1141,Aston Martin,Sakhir,10.0,MEDIUM,0,SOFT,22.87294117647059,23.6,26.972941176470584,28.5,23.31764705882353,1.0823529411764705,0.0,0.0
7766,1141,Ferrari,Sakhir,10.0,SOFT,0,SOFT,22.87294117647059,23.6,26.972941176470584,28.5,23.31764705882353,1.0823529411764705,0.0,0.0
7766,1141,Haas F1 Team,Sakhir,10.0,MEDIUM,0,SOFT,22.87294117647059,23.6,26.972941176470584,28.5,23.31764705882353,1.0823529411764705,0.0,0.0
7766,1141,McLaren,Sakhir,10.0,MEDIUM,0,SOFT,22.87294117647059,23.6,26.972941176470584,28.5,23.31764705882353,1.0823529411764705,0.0,0.0
7766,1141,Mercedes,Sakhir,10.0,SOFT,0,SOFT,22.87294117647059,23.6,26.972941176470584,28.5,23.31764705882353,1.0823529411764705,0.0,0.0
7766,1141,Red Bull Racing,Sakhir,10.0,MEDIUM,0,SOFT,22.87294117647059,23.6,26.972941176470584,28.5,23.31764705882353,1.0823529411764705,0.0,0.0
7766,1141,Williams,Sakhir,10.0,SOFT,0,HARD,22.87294117647059,23.6,26.972941176470584,28.5,23.31764705882353,1.0823529411764705,0.0,0.0
7767,1141,Alfa Romeo,Sakhir,10.0,SOFT,0,SOFT,28.0,28.5,40.57093023255815,42.0,19.8953488372093,1.7779069767441857,0.0,0.0
7767,1141,AlphaTauri,Sakhir,10.0,SOFT,0,SOFT,28.0,28.5,40.57093023255815,42.0,19.8953488372093,1.7779069767441857,0.0,0.0
7767,1141,Alpine,Sakhir,10.0,SOFT,0,SOFT,28.0,28.5,40.57093023255815,42.0,19.8953488372093,1.7779069767441857,0.0,0.0
7767,1141,Aston Martin,Sakhir,10.0,SOFT,0,SOFT,28.0,28.5,40.57093023255815,42.0,19.8953488372093,1.7779069767441857,0.0,0.0
7767,1141,Ferrari,Sakhir,10.0,SOFT,0,SOFT,28.0,28.5,40.57093023255815,42.0,19.8953488372093,1.7779069767441857,0.0,0.0
7767,1141,Haas F1 Team,Sakhir,10.0,MEDIUM,0,SOFT,28.0,28.5,40.57093023255815,42.0,19.8953488372093,1.7779069767441857,0.0,0.0
7767,1141,McLaren,Sakhir,10.0,SOFT,0,SOFT,28.0,28.5,40.57093023255815,42.0,19.8953488372093,1.7779069767441857,0.0,0.0
7767,1141,Mercedes,Sakhir,10.0,SOFT,0,SOFT,28.0,28.5,40.57093023255815,42.0,19.8953488372093,1.7779069767441857,0.0,0.0
7767,1141,Red Bull Racing,Sakhir,10.0,HARD,0,SOFT,28.0,28.5,40.57093023255815,42.0,19.8953488372093,1.7779069767441857,0.0,0.0
7767,1141,Williams,Sakhir,10.0,SOFT,0,UNKNOWN,28.0,28.5,40.57093023255815,42.0,19.8953488372093,1.7779069767441857,0.0,0.0
7768,1141,Alfa Romeo,Sakhir,12.5,SOFT,0,SOFT,23.879999999999995,24.7,28.085263157894722,29.8,21.652631578947368,0.6073684210526317,0.0,0.0
7768,1141,AlphaTauri,Sakhir,16.5,SOFT,0,SOFT,23.879999999999995,24.7,28.085263157894722,29.8,21.652631578947368,0.6073684210526317,0.0,0.0
7768,1141,Alpine,Sakhir,14.5,SOFT,0,SOFT,23.879999999999995,24.7,28.085263157894722,29.8,21.652631578947368,0.6073684210526317,0.0,0.0
7768,1141,Aston Martin,Sakhir,6.5,SOFT,0,SOFT,23.879999999999995,24.7,28.085263157894722,29.8,21.652631578947368,0.6073684210526317,0.0,0.0
7768,1141,Ferrari,Sakhir,3.5,MEDIUM,0,SOFT,23.879999999999995,24.7,28.085263157894722,29.8,21.652631578947368,0.6073684210526317,0.0,0.0
7768,1141,Haas F1 Team,Sakhir,13.5,SOFT,0,SOFT,23.879999999999995,24.7,28.085263157894722,29.8,21.652631578947368,0.6073684210526317,0.0,0.0
7768,1141,McLaren,Sakhir,14.5,SOFT,0,SOFT,23.879999999999995,24.7,28.085263157894722,29.8,21.652631578947368,0.6073684210526317,0.0,0.0
7768,1141,Mercedes,Sakhir,6.5,SOFT,0,SOFT,23.879999999999995,24.7,28.085263157894722,29.8,21.652631578947368,0.6073684210526317,0.0,0.0
7768,1141,Red Bull Racing,Sakhir,1.5,SOFT,0,SOFT,23.879999999999995,24.7,28.085263157894722,29.8,21.652631578947368,0.6073684210526317,0.0,0.0
7768,1141,Williams,Sakhir,15.5,SOFT,0,SOFT,23.879999999999995,24.7,28.085263157894722,29.8,21.652631578947368,0.6073684210526317,0.0,0.0
7773,1142,Alfa Romeo,Jeddah,10.0,HARD,0,SOFT,26.20240963855422,26.5,31.01927710843374,31.8,49.903614457831324,1.2349397590361444,0.0,0.0
7773,1142,AlphaTauri,Jeddah,10.0,HARD,0,SOFT,26.20240963855422,26.5,31.01927710843374,31.8,49.903614457831324,1.2349397590361444,0.0,0.0
7773,1142,Alpine,Jeddah,10.0,MEDIUM,0,SOFT,26.20240963855422,26.5,31.01927710843374,31.8,49.903614457831324,1.2349397590361444,0.0,0.0
7773,1142,Aston Martin,Jeddah,10.0,MEDIUM,0,SOFT,26.20240963855422,26.5,31.01927710843374,31.8,49.903614457831324,1.2349397590361444,0.0,0.0
7773,1142,Ferrari,Jeddah,10.0,MEDIUM,0,SOFT,26.20240963855422,26.5,31.01927710843374,31.8,49.903614457831324,1.2349397590361444,0.0,0.0
7773,1142,Haas F1 Team,Jeddah,10.0,HARD,0,SOFT,26.20240963855422,26.5,31.01927710843374,31.8,49.903614457831324,1.2349397590361444,0.0,0.0
7773,1142,McLaren,Jeddah,10.0,HARD,0,SOFT,26.20240963855422,26.5,31.01927710843374,31.8,49.903614457831324,1.2349397590361444,0.0,0.0
7773,1142,Mercedes,Jeddah,10.0,MEDIUM,0,SOFT,26.20240963855422,26.5,31.01927710843374,31.8,49.903614457831324,1.2349397590361444,0.0,0.0
7773,1142,Red Bull Racing,Jeddah,10.0,MEDIUM,0,SOFT,26.20240963855422,26.5,31.01927710843374,31.8,49.903614457831324,1.2349397590361444,0.0,0.0
7773,1142,Williams,Jeddah,10.0,HARD,0,SOFT,26.20240963855422,26.5,31.01927710843374,31.8,49.903614457831324,1.2349397590361444,0.0,0.0
7774,1142,Alfa Romeo,Jeddah,10.0,SOFT,0,SOFT,27.070731707317076,27.5,40.1719512195122,43.5,57.46341463414634,3.5353658536585364,0.0,0.0
7774,1142,AlphaTauri,Jeddah,10.0,MEDIUM,0,MEDIUM,27.070731707317076,27.5,40.1719512195122,43.5,57.46341463414634,3.5353658536585364,0.0,0.0
7774,1142,Alpine,Jeddah,10.0,SOFT,0,SOFT,27.070731707317076,27.5,40.1719512195122,43.5,57.46341463414634,3.5353658536585364,0.0,0.0
7774,1142,Aston Martin,Jeddah,10.0,MEDIUM,0,HARD,27.070731707317076,27.5,40.1719512195122,43.5,57.46341463414634,3.5353658536585364,0.0,0.0
7774,1142,Ferrari,Jeddah,10.0,MEDIUM,0,SOFT,27.070731707317076,27.5,40.1719512195122,43.5,57.46341463414634,3.5353658536585364,0.0,0.0
7774,1142,Haas F1 Team,Jeddah,10.0,MEDIUM,0,SOFT,27.070731707317076,27.5,40.1719512195122,43.5,57.46341463414634,3.5353658536585364,0.0,0.0
7774,1142,McLaren,Jeddah,10.0,MEDIUM,0,SOFT,27.070731707317076,27.5,40.1719512195122,43.5,57.46341463414634,3.5353658536585364,0.0,0.0
7774,1142,Mercedes,Jeddah,10.0,SOFT,0,SOFT,27.070731707317076,27.5,40.1719512195122,43.5,57.46341463414634,3.5353658536585364,0.0,0.0
7774,1142,Red Bull Racing,Jeddah,10.0,HARD,0,SOFT,27.070731707317076,27.5,40.1719512195122,43.5,57.46341463414634,3.5353658536585364,0.0,0.0
7774,1142,Williams,Jeddah,10.0,SOFT,0,SOFT,27.070731707317076,27.5,40.1719512195122,43.5,57.46341463414634,3.5353658536585364,0.0,0.0
7775,1142,Alfa Romeo,Jeddah,12.5,SOFT,0,SOFT,27.02375,27.4,31.666249999999998,32.4,44.7375,1.5474999999999999,0.0,0.0
7775,1142,AlphaTauri,Jeddah,17.0,SOFT,0,SOFT,27.02375,27.4,31.666249999999998,32.4,44.7375,1.5474999999999999,0.0,0.0
7775,1142,Alpine,Jeddah,7.5,SOFT,0,SOFT,27.02375,27.4,31.666249999999998,32.4,44.7375,1.5474999999999999,0.0,0.0
7775,1142,Aston Martin,Jeddah,3.5,SOFT,0,SOFT,27.02375,27.4,31.666249999999998,32.4,44.7375,1.5474999999999999,0.0,0.0
7775,1142,Ferrari,Jeddah,8.0,SOFT,0,SOFT,27.02375,27.4,31.666249999999998,32.4,44.7375,1.5474999999999999,0.0,0.0
7775,1142,Haas F1 Team,Jeddah,11.5,SOFT,0,SOFT,27.02375,27.4,31.666249999999998,32.4,44.7375,1.5474999999999999,0.0,0.0
7775,1142,McLaren,Jeddah,13.5,SOFT,0,SOFT,27.02375,27.4,31.666249999999998,32.4,44.7375,1.5474999999999999,0.0,0.0
7775,1142,Mercedes,Jeddah,5.0,SOFT,0,SOFT,27.02375,27.4,31.666249999999998,32.4,44.7375,1.5474999999999999,0.0,0.0
7775,1142,Red Bull Racing,Jeddah,8.0,SOFT,0,SOFT,27.02375,27.4,31.666249999999998,32.4,44.7375,1.5474999999999999,0.0,0.0
7775,1142,Williams,Jeddah,18.5,SOFT,0,SOFT,27.02375,27.4,31.666249999999998,32.4,44.7375,1.5474999999999999,0.0,0.0
7779,1142,Alfa Romeo,Jeddah,10.0,MEDIUM,0,HARD,26.09189189189189,26.4,31.79256756756757,34.3,57.79054054054054,1.772297297297297,0.0,0.0
7779,1142,AlphaTauri,Jeddah,10.0,MEDIUM,0,HARD,26.09189189189189,26.4,31.79256756756757,34.3,57.79054054054054,1.772297297297297,0.0,0.0
7779,1142,Alpine,Jeddah,10.0,MEDIUM,0,HARD,26.09189189189189,26.4,31.79256756756757,34.3,57.79054054054054,1.772297297297297,0.0,0.0
7779,1142,Aston Martin,Jeddah,10.0,MEDIUM,0,HARD,26.09189189189189,26.4,31.79256756756757,34.3,57.79054054054054,1.772297297297297,0.0,0.0
7779,1142,Ferrari,Jeddah,10.0,MEDIUM,0,HARD,26.09189189189189,26.4,31.79256756756757,34.3,57.79054054054054,1.772297297297297,0.0,0.0
7779,1142,Haas F1 Team,Jeddah,10.0,MEDIUM,0,HARD,26.09189189189189,26.4,31.79256756756757,34.3,57.79054054054054,1.772297297297297,0.0,0.0
7779,1142,McLaren,Jeddah,10.0,MEDIUM,0,HARD,26.09189189189189,26.4,31.79256756756757,34.3,57.79054054054054,1.772297297297297,0.0,0.0
7779,1142,Mercedes,Jeddah,10.0,HARD,0,MEDIUM,26.09189189189189,26.4,31.79256756756757,34.3,57.79054054054054,1.772297297297297,0.0,0.0
7779,1142,Red Bull Racing,Jeddah,10.0,MEDIUM,0,HARD,26.09189189189189,26.4,31.79256756756757,34.3,57.79054054054054,1.772297297297297,0.0,0.0
7779,1142,Williams,Jeddah,10.0,HARD,0,MEDIUM,26.09189189189189,26.4,31.79256756756757,34.3,57.79054054054054,1.772297297297297,0.0,0.0
7780,1143,Alfa Romeo,Melbourne,10.0,HARD,0,SOFT,18.069354838709682,18.8,32.34516129032258,36.7,61.83870967741935,1.1564516129032254,0.0,0.0
7780,1143,AlphaTauri,Melbourne,10.0,MEDIUM,0,SOFT,18.069354838709682,18.8,32.34516129032258,36.7,61.83870967741935,1.1564516129032254,0.0,0.0
7780,1143,Alpine,Melbourne,10.0,HARD,0,SOFT,18.069354838709682,18.8,32.34516129032258,36.7,61.83870967741935,1.1564516129032254,0.0,0.0
7780,1143,Aston Martin,Melbourne,10.0,HARD,0,MEDIUM,18.069354838709682,18.8,32.34516129032258,36.7,61.83870967741935,1.1564516129032254,0.0,0.0
7780,1143,Ferrari,Melbourne,10.0,HARD,0,SOFT,18.069354838709682,18.8,32.34516129032258,36.7,61.83870967741935,1.1564516129032254,0.0,0.0
7780,1143,Haas F1 Team,Melbourne,10.0,HARD,0,MEDIUM,18.069354838709682,18.8,32.34516129032258,36.7,61.83870967741935,1.1564516129032254,0.0,0.0
7780,1143,McLaren,Melbourne,10.0,HARD,0,MEDIUM,18.069354838709682,18.8,32.34516129032258,36.7,61.83870967741935,1.1564516129032254,0.0,0.0
7780,1143,Mercedes,Melbourne,10.0,MEDIUM,0,SOFT,18.069354838709682,18.8,32.34516129032258,36.7,61.83870967741935,1.1564516129032254,0.0,0.0
7780,1143,Red Bull Racing,Melbourne,10.0,MEDIUM,0,SOFT,18.069354838709682,18.8,32.34516129032258,36.7,61.83870967741935,1.1564516129032254,0.0,0.0
7780,1143,Williams,Melbourne,10.0,HARD,0,SOFT,18.069354838709682,18.8,32.34516129032258,36.7,61.83870967741935,1.1564516129032254,0.0,0.0
7781,1143,Alfa Romeo,Melbourne,10.0,MEDIUM,0,INTERMEDIATE,15.930487804878046,16.8,23.851219512195122,27.7,77.36585365853658,1.3231707317073171,35.0,0.4268292682926829
7781,1143,AlphaTauri,Melbourne,10.0,HARD,0,INTERMEDIATE,15.930487804878046,16.8,23.851219512195122,27.7,77.36585365853658,1.3231707317073171,35.0,0.4268292682926829
7781,1143,Alpine,Melbourne,10.0,HARD,0,INTERMEDIATE,15.930487804878046,16.8,23.851219512195122,27.7,77.36585365853658,1.3231707317073171,35.0,0.4268292682926829
7781,1143,Aston Martin,Melbourne,10.0,HARD,0,INTERMEDIATE,15.930487804878046,16.8,23.851219512195122,27.7,77.36585365853658,1.3231707317073171,35.0,0.4268292682926829
7781,1143,Ferrari,Melbourne,10.0,MEDIUM,0,INTERMEDIATE,15.930487804878046,16.8,23.851219512195122,27.7,77.36585365853658,1.3231707317073171,35.0,0.4268292682926829
7781,1143,Haas F1 Team,Melbourne,10.0,HARD,0,INTERMEDIATE,15.930487804878046,16.8,23.851219512195122,27.7,77.36585365853658,1.3231707317073171,35.0,0.4268292682926829
7781,1143,McLaren,Melbourne,10.0,HARD,0,INTERMEDIATE,15.930487804878046,16.8,23.851219512195122,27.7,77.36585365853658,1.3231707317073171,35.0,0.4268292682926829
7781,1143,Mercedes,Melbourne,10.0,HARD,0,INTERMEDIATE,15.930487804878046,16.8,23.851219512195122,27.7,77.36585365853658,1.3231707317073171,35.0,0.4268292682926829
7781,1143,Red Bull Racing,Melbourne,10.0,MEDIUM,0,INTERMEDIATE,15.930487804878046,16.8,23.851219512195122,27.7,77.36585365853658,1.3231707317073171,35.0,0.4268292682926829
7781,1143,Williams,Melbourne,10.0,SOFT,0,INTERMEDIATE,15.930487804878046,16.8,23.851219512195122,27.7,77.36585365853658,1.3231707317073171,35.0,0.4268292682926829
7782,1143,Alfa Romeo,Melbourne,10.0,MEDIUM,0,SOFT,14.895238095238094,15.5,23.510714285714283,26.1,59.654761904761905,1.4059523809523806,6.0,0.07142857142857142
7782,1143,AlphaTauri,Melbourne,10.0,SOFT,0,SOFT,14.895238095238094,15.5,23.510714285714283,26.1,59.654761904761905,1.4059523809523806,6.0,0.07142857142857142
7782,1143,Alpine,Melbourne,10.0,SOFT,0,SOFT,14.895238095238094,15.5,23.510714285714283,26.1,59.654761904761905,1.4059523809523806,6.0,0.07142857142857142
7782,1143,Aston Martin,Melbourne,10.0,MEDIUM,0,SOFT,14.895238095238094,15.5,23.510714285714283,26.1,59.654761904761905,1.4059523809523806,6.0,0.07142857142857142
7782,1143,Ferrari,Melbourne,10.0,SOFT,0,MEDIUM,14.895238095238094,15.5,23.510714285714283,26.1,59.654761904761905,1.4059523809523806,6.0,0.07142857142857142
7782,1143,Haas F1 Team,Melbourne,10.0,MEDIUM,0,SOFT,14.895238095238094,15.5,23.510714285714283,26.1,59.654761904761905,1.4059523809523806,6.0,0.07142857142857142
7782,1143,McLaren,Melbourne,10.0,MEDIUM,0,SOFT,14.895238095238094,15.5,23.510714285714283,26.1,59.654761904761905,1.4059523809523806,6.0,0.07142857142857142
7782,1143,Mercedes,Melbourne,10.0,SOFT,0,SOFT,14.895238095238094,15.5,23.510714285714283,26.1,59.654761904761905,1.4059523809523806,6.0,0.07142857142857142
7782,1143,Red Bull Racing,Melbourne,10.0,MEDIUM,0,SOFT,14.895238095238094,15.5,23.510714285714283,26.1,59.654761904761905,1.4059523809523806,6.0,0.07142857142857142
7782,1143,Williams,Melbourne,10.0,SOFT,0,SOFT,14.895238095238094,15.5,23.510714285714283,26.1,59.654761904761905,1.4059523809523806,6.0,0.07142857142857142
9135,1216,Alfa Romeo,Spa-Francorchamps,15.0,INTERMEDIATE,6,SOFT,19.25157894736842,20.3,23.644210526315778,26.6,88.67368421052632,1.0652631578947365,1.0,0.010526315789473684
9135,1216,AlphaTauri,Spa-Francorchamps,15.0,INTERMEDIATE,6,SOFT,19.25157894736842,20.3,23.644210526315778,26.6,88.67368421052632,1.0652631578947365,1.0,0.010526315789473684
9135,1216,Alpine,Spa-Francorchamps,13.0,INTERMEDIATE,8,SOFT,19.25157894736842,20.3,23.644210526315778,26.6,88.67368421052632,1.0652631578947365,1.0,0.010526315789473684
9135,1216,Aston Martin,Spa-Francorchamps,9.5,INTERMEDIATE,13,SOFT,19.25157894736842,20.3,23.644210526315778,26.6,88.67368421052632,1.0652631578947365,1.0,0.010526315789473684
9135,1216,Ferrari,Spa-Francorchamps,2.5,INTERMEDIATE,12,SOFT,19.25157894736842,20.3,23.644210526315778,26.6,88.67368421052632,1.0652631578947365,1.0,0.010526315789473684
9135,1216,Haas F1 Team,Spa-Francorchamps,18.0,INTERMEDIATE,6,SOFT,19.25157894736842,20.3,23.644210526315778,26.6,88.67368421052632,1.0652631578947365,1.0,0.010526315789473684
9135,1216,McLaren,Spa-Francorchamps,6.0,INTERMEDIATE,12,SOFT,19.25157894736842,20.3,23.644210526315778,26.6,88.67368421052632,1.0652631578947365,1.0,0.010526315789473684
9135,1216,Mercedes,Spa-Francorchamps,5.5,INTERMEDIATE,12,SOFT,19.25157894736842,20.3,23.644210526315778,26.6,88.67368421052632,1.0652631578947365,1.0,0.010526315789473684
9135,1216,Red Bull Racing,Spa-Francorchamps,4.0,INTERMEDIATE,10,SOFT,19.25157894736842,20.3,23.644210526315778,26.6,88.67368421052632,1.0652631578947365,1.0,0.010526315789473684
9135,1216,Williams,Spa-Francorchamps,16.5,INTERMEDIATE,3,INTERMEDIATE,19.25157894736842,20.3,23.644210526315778,26.6,88.67368421052632,1.0652631578947365,1.0,0.010526315789473684
9140,1216,Alfa Romeo,Spa-Francorchamps,10.0,WET,1,INTERMEDIATE,19.57833333333333,21.7,27.29416666666667,31.8,77.00833333333334,1.1324999999999998,40.0,0.3333333333333333
9140,1216,AlphaTauri,Spa-Francorchamps,10.0,WET,1,INTERMEDIATE,19.57833333333333,21.7,27.29416666666667,31.8,77.00833333333334,1.1324999999999998,40.0,0.3333333333333333
9140,1216,Alpine,Spa-Francorchamps,10.0,WET,1,INTERMEDIATE,19.57833333333333,21.7,27.29416666666667,31.8,77.00833333333334,1.1324999999999998,40.0,0.3333333333333333
9140,1216,Aston Martin,Spa-Francorchamps,10.0,WET,1,INTERMEDIATE,19.57833333333333,21.7,27.29416666666667,31.8,77.00833333333334,1.1324999999999998,40.0,0.3333333333333333
9140,1216,Ferrari,Spa-Francorchamps,10.0,WET,1,INTERMEDIATE,19.57833333333333,21.7,27.29416666666667,31.8,77.00833333333334,1.1324999999999998,40.0,0.3333333333333333
9140,1216,Haas F1 Team,Spa-Francorchamps,10.0,WET,1,INTERMEDIATE,19.57833333333333,21.7,27.29416666666667,31.8,77.00833333333334,1.1324999999999998,40.0,0.3333333333333333
9140,1216,McLaren,Spa-Francorchamps,10.0,WET,1,INTERMEDIATE,19.57833333333333,21.7,27.29416666666667,31.8,77.00833333333334,1.1324999999999998,40.0,0.3333333333333333
9140,1216,Mercedes,Spa-Francorchamps,10.0,WET,1,INTERMEDIATE,19.57833333333333,21.7,27.29416666666667,31.8,77.00833333333334,1.1324999999999998,40.0,0.3333333333333333
9140,1216,Red Bull Racing,Spa-Francorchamps,10.0,WET,1,INTERMEDIATE,19.57833333333333,21.7,27.29416666666667,31.8,77.00833333333334,1.1324999999999998,40.0,0.3333333333333333
9140,1216,Williams,Spa-Francorchamps,10.0,WET,1,INTERMEDIATE,19.57833333333333,21.7,27.29416666666667,31.8,77.00833333333334,1.1324999999999998,40.0,0.3333333333333333
9141,1216,Alfa Romeo,Spa-Francorchamps,10.0,SOFT,4,MEDIUM,17.873333333333335,19.2,28.24066666666667,31.5,61.92666666666667,1.5946666666666667,11.0,0.07333333333333333
9141,1216,AlphaTauri,Spa-Francorchamps,10.0,MEDIUM,4,SOFT,17.873333333333335,19.2,28.24066666666667,31.5,61.92666666666667,1.5946666666666667,11.0,0.07333333333333333
9141,1216,Alpine,Spa-Francorchamps,10.0,SOFT,3,MEDIUM,17.873333333333335,19.2,28.24066666666667,31.5,61.92666666666667,1.5946666666666667,11.0,0.07333333333333333
9141,1216,Aston Martin,Spa-Francorchamps,10.0,MEDIUM,3,SOFT,17.873333333333335,19.2,28.24066666666667,31.5,61.92666666666667,1.5946666666666667,11.0,0.07333333333333333
9141,1216,Ferrari,Spa-Francorchamps,10.0,SOFT,3,MEDIUM,17.873333333333335,19.2,28.24066666666667,31.5,61.92666666666667,1.5946666666666667,11.0,0.07333333333333333
9141,1216,Haas F1 Team,Spa-Francorchamps,10.0,MEDIUM,4,SOFT,17.873333333333335,19.2,28.24066666666667,31.5,61.92666666666667,1.5946666666666667,11.0,0.07333333333333333
9141,1216,McLaren,Spa-Francorchamps,10.0,MEDIUM,2,HARD,17.873333333333335,19.2,28.24066666666667,31.5,61.92666666666667,1.5946666666666667,11.0,0.07333333333333333
9141,1216,Mercedes,Spa-Francorchamps,10.0,MEDIUM,4,SOFT,17.873333333333335,19.2,28.24066666666667,31.5,61.92666666666667,1.5946666666666667,11.0,0.07333333333333333
9141,1216,Red Bull Racing,Spa-Francorchamps,10.0,SOFT,4,MEDIUM,17.873333333333335,19.2,28.24066666666667,31.5,61.92666666666667,1.5946666666666667,11.0,0.07333333333333333
9141,1216,Williams,Spa-Francorchamps,10.0,SOFT,6,MEDIUM,17.873333333333335,19.2,28.24066666666667,31.5,61.92666666666667,1.5946666666666667,11.0,0.07333333333333333
9142,1217,Alfa Romeo,Zandvoort,10.0,HARD,9,MEDIUM,20.858024691358025,21.3,33.68888888888888,36.5,77.08641975308642,1.8222222222222224,0.0,0.0
9142,1217,AlphaTauri,Zandvoort,10.0,MEDIUM,9,SOFT,20.858024691358025,21.3,33.68888888888888,36.5,77.08641975308642,1.8222222222222224,0.0,0.0
9142,1217,Alpine,Zandvoort,10.0,HARD,6,SOFT,20.858024691358025,21.3,33.68888888888888,36.5,77.08641975308642,1.8222222222222224,0.0,0.0
9142,1217,Aston Martin,Zandvoort,10.0,HARD,5,MEDIUM,20.858024691358025,21.3,33.68888888888888,36.5,77.08641975308642,1.8222222222222224,0.0,0.0
9142,1217,Ferrari,Zandvoort,10.0,HARD,6,MEDIUM,20.858024691358025,21.3,33.68888888888888,36.5,77.08641975308642,1.8222222222222224,0.0,0.0
9142,1217,Haas F1 Team,Zandvoort,10.0,HARD,9,SOFT,20.858024691358025,21.3,33.68888888888888,36.5,77.08641975308642,1.8222222222222224,0.0,0.0
9142,1217,McLaren,Zandvoort,10.0,MEDIUM,13,SOFT,20.858024691358025,21.3,33.68888888888888,36.5,77.08641975308642,1.8222222222222224,0.0,0.0
9142,1217,Mercedes,Zandvoort,10.0,HARD,8,SOFT,20.858024691358025,21.3,33.68888888888888,36.5,77.08641975308642,1.8222222222222224,0.0,0.0
9142,1217,Red Bull Racing,Zandvoort,10.0,HARD,6,SOFT,20.858024691358025,21.3,33.68888888888888,36.5,77.08641975308642,1.8222222222222224,0.0,0.0
9142,1217,Williams,Zandvoort,10.0,HARD,7,SOFT,20.858024691358025,21.3,33.68888888888888,36.5,77.08641975308642,1.8222222222222224,0.0,0.0
9143,1217,Alfa Romeo,Zandvoort,10.0,HARD,12,SOFT,20.04814814814815,20.5,32.91481481481481,34.4,71.77777777777777,1.3864197530864197,0.0,0.0
9143,1217,AlphaTauri,Zandvoort,10.0,HARD,4,SOFT,20.04814814814815,20.5,32.91481481481481,34.4,71.77777777777777,1.3864197530864197,0.0,0.0
9143,1217,Alpine,Zandvoort,10.0,HARD,6,SOFT,20.04814814814815,20.5,32.91481481481481,34.4,71.77777777777777,1.3864197530864197,0.0,0.0
9143,1217,Aston Martin,Zandvoort,10.0,HARD,8,SOFT,20.04814814814815,20.5,32.91481481481481,34.4,71.77777777777777,1.3864197530864197,0.0,0.0
9143,1217,Ferrari,Zandvoort,10.0,MEDIUM,8,SOFT,20.04814814814815,20.5,32.91481481481481,34.4,71.77777777777777,1.3864197530864197,0.0,0.0
9143,1217,Haas F1 Team,Zandvoort,10.0,HARD,6,SOFT,20.04814814814815,20.5,32.91481481481481,34.4,71.77777777777777,1.3864197530864197,0.0,0.0
9143,1217,McLaren,Zandvoort,10.0,HARD,5,SOFT,20.04814814814815,20.5,32.91481481481481,34.4,71.77777777777777,1.3864197530864197,0.0,0.0
9143,1217,Mercedes,Zandvoort,10.0,MEDIUM,9,SOFT,20.04814814814815,20.5,32.91481481481481,34.4,71.77777777777777,1.3864197530864197,0.0,0.0
9143,1217,Red Bull Racing,Zandvoort,10.0,MEDIUM,6,SOFT,20.04814814814815,20.5,32.91481481481481,34.4,71.77777777777777,1.3864197530864197,0.0,0.0
9143,1217,Williams,Zandvoort,10.0,HARD,8,SOFT,20.04814814814815,20.5,32.91481481481481,34.4,71.77777777777777,1.3864197530864197,0.0,0.0
9144,1217,Alfa Romeo,Zandvoort,10.0,WET,7,INTERMEDIATE,16.374390243902443,17.1,19.14878048780488,22.6,84.07317073170732,2.625609756097561,35.0,0.4268292682926829
9144,1217,AlphaTauri,Zandvoort,10.0,WET,9,INTERMEDIATE,16.374390243902443,17.1,19.14878048780488,22.6,84.07317073170732,2.625609756097561,35.0,0.4268292682926829
9144,1217,Alpine,Zandvoort,10.0,INTERMEDIATE,7,INTERMEDIATE,16.374390243902443,17.1,19.14878048780488,22.6,84.07317073170732,2.625609756097561,35.0,0.4268292682926829
9144,1217,Aston Martin,Zandvoort,10.0,WET,6,INTERMEDIATE,16.374390243902443,17.1,19.14878048780488,22.6,84.07317073170732,2.625609756097561,35.0,0.4268292682926829
9144,1217,Ferrari,Zandvoort,10.0,WET,8,INTERMEDIATE,16.374390243902443,17.1,19.14878048780488,22.6,84.07317073170732,2.625609756097561,35.0,0.4268292682926829
9144,1217,Haas F1 Team,Zandvoort,10.0,INTERMEDIATE,6,WET,16.374390243902443,17.1,19.14878048780488,22.6,84.07317073170732,2.625609756097561,35.0,0.4268292682926829
9144,1217,McLaren,Zandvoort,10.0,INTERMEDIATE,8,WET,16.374390243902443,17.1,19.14878048780488,22.6,84.07317073170732,2.625609756097561,35.0,0.4268292682926829
9144,1217,Mercedes,Zandvoort,10.0,WET,9,INTERMEDIATE,16.374390243902443,17.1,19.14878048780488,22.6,84.07317073170732,2.625609756097561,35.0,0.4268292682926829
9144,1217,Red Bull Racing,Zandvoort,10.0,WET,7,INTERMEDIATE,16.374390243902443,17.1,19.14878048780488,22.6,84.07317073170732,2.625609756097561,35.0,0.4268292682926829
9144,1217,Williams,Zandvoort,10.0,WET,6,INTERMEDIATE,16.374390243902443,17.1,19.14878048780488,22.6,84.07317073170732,2.625609756097561,35.0,0.4268292682926829
9222,1140,Alfa Romeo,Sakhir,10.0,MEDIUM,0,MEDIUM,26.834406779661016,30.7,35.970169491525425,43.4,21.859322033898305,2.112881355932203,0.0,0.0
9222,1140,AlphaTauri,Sakhir,10.0,MEDIUM,0,TEST_UNKNOWN,26.834406779661016,30.7,35.970169491525425,43.4,21.859322033898305,2.112881355932203,0.0,0.0
9222,1140,Alpine,Sakhir,10.0,HARD,0,MEDIUM,26.834406779661016,30.7,35.970169491525425,43.4,21.859322033898305,2.112881355932203,0.0,0.0
9222,1140,Aston Martin,Sakhir,10.0,MEDIUM,0,UNKNOWN,26.834406779661016,30.7,35.970169491525425,43.4,21.859322033898305,2.112881355932203,0.0,0.0
9222,1140,Ferrari,Sakhir,10.0,MEDIUM,0,TEST_UNKNOWN,26.834406779661016,30.7,35.970169491525425,43.4,21.859322033898305,2.112881355932203,0.0,0.0
9222,1140,Haas F1 Team,Sakhir,10.0,MEDIUM,0,TEST_UNKNOWN,26.834406779661016,30.7,35.970169491525425,43.4,21.859322033898305,2.112881355932203,0.0,0.0
9222,1140,McLaren,Sakhir,10.0,HARD,0,MEDIUM,26.834406779661016,30.7,35.970169491525425,43.4,21.859322033898305,2.112881355932203,0.0,0.0
9222,1140,Mercedes,Sakhir,10.0,MEDIUM,0,HARD,26.834406779661016,30.7,35.970169491525425,43.4,21.859322033898305,2.112881355932203,0.0,0.0
9222,1140,Red Bull Racing,Sakhir,10.0,MEDIUM,0,MEDIUM,26.834406779661016,30.7,35.970169491525425,43.4,21.859322033898305,2.112881355932203,0.0,0.0
9222,1140,Williams,Sakhir,10.0,SOFT,0,MEDIUM,26.834406779661016,30.7,35.970169491525425,43.4,21.859322033898305,2.112881355932203,0.0,0.0
9286,1216,Alfa Romeo,Spa-Francorchamps,18.0,INTERMEDIATE,2,INTERMEDIATE,16.587378640776702,18.5,22.373786407766996,27.3,91.74757281553399,1.6194174757281552,27.0,0.2621359223300971
9286,1216,AlphaTauri,Spa-Francorchamps,13.5,INTERMEDIATE,4,INTERMEDIATE,16.587378640776702,18.5,22.373786407766996,27.3,91.74757281553399,1.6194174757281552,27.0,0.2621359223300971
9286,1216,Alpine,Spa-Francorchamps,7.5,INTERMEDIATE,6,SOFT,16.587378640776702,18.5,22.373786407766996,27.3,91.74757281553399,1.6194174757281552,27.0,0.2621359223300971
9286,1216,Aston Martin,Spa-Francorchamps,14.5,INTERMEDIATE,6,MEDIUM,16.587378640776702,18.5,22.373786407766996,27.3,91.74757281553399,1.6194174757281552,27.0,0.2621359223300971
9286,1216,Ferrari,Spa-Francorchamps,3.5,INTERMEDIATE,6,SOFT,16.587378640776702,18.5,22.373786407766996,27.3,91.74757281553399,1.6194174757281552,27.0,0.2621359223300971
9286,1216,Haas F1 Team,Spa-Francorchamps,19.0,INTERMEDIATE,6,INTERMEDIATE,16.587378640776702,18.5,22.373786407766996,27.3,91.74757281553399,1.6194174757281552,27.0,0.2621359223300971
9286,1216,McLaren,Spa-Francorchamps,3.5,INTERMEDIATE,6,SOFT,16.587378640776702,18.5,22.373786407766996,27.3,91.74757281553399,1.6194174757281552,27.0,0.2621359223300971
9286,1216,Mercedes,Spa-Francorchamps,8.5,INTERMEDIATE,6,SOFT,16.587378640776702,18.5,22.373786407766996,27.3,91.74757281553399,1.6194174757281552,27.0,0.2621359223300971
9286,1216,Red Bull Racing,Spa-Francorchamps,4.5,INTERMEDIATE,6,SOFT,16.587378640776702,18.5,22.373786407766996,27.3,91.74757281553399,1.6194174757281552,27.0,0.2621359223300971
9286,1216,Williams,Spa-Francorchamps,12.5,INTERMEDIATE,7,INTERMEDIATE,16.587378640776702,18.5,22.373786407766996,27.3,91.74757281553399,1.6194174757281552,27.0,0.2621359223300971
9465,1229,Alpine,Sakhir,10.0,MEDIUM,8,MEDIUM,19.373170731707315,19.8,34.21585365853659,36.0,38.74390243902439,3.3780487804878048,0.0,0.0
9465,1229,Aston Martin,Sakhir,10.0,MEDIUM,7,MEDIUM,19.373170731707315,19.8,34.21585365853659,36.0,38.74390243902439,3.3780487804878048,0.0,0.0
9465,1229,Ferrari,Sakhir,10.0,MEDIUM,9,MEDIUM,19.373170731707315,19.8,34.21585365853659,36.0,38.74390243902439,3.3780487804878048,0.0,0.0
9465,1229,Haas F1 Team,Sakhir,10.0,MEDIUM,7,MEDIUM,19.373170731707315,19.8,34.21585365853659,36.0,38.74390243902439,3.3780487804878048,0.0,0.0
9465,1229,Kick Sauber,Sakhir,10.0,MEDIUM,10,SOFT,19.373170731707315,19.8,34.21585365853659,36.0,38.74390243902439,3.3780487804878048,0.0,0.0
9465,1229,McLaren,Sakhir,10.0,MEDIUM,7,SOFT,19.373170731707315,19.8,34.21585365853659,36.0,38.74390243902439,3.3780487804878048,0.0,0.0
9465,1229,Mercedes,Sakhir,10.0,MEDIUM,8,MEDIUM,19.373170731707315,19.8,34.21585365853659,36.0,38.74390243902439,3.3780487804878048,0.0,0.0
9465,1229,RB,Sakhir,10.0,MEDIUM,7,SOFT,19.373170731707315,19.8,34.21585365853659,36.0,38.74390243902439,3.3780487804878048,0.0,0.0
9465,1229,Red Bull Racing,Sakhir,10.0,MEDIUM,9,MEDIUM,19.373170731707315,19.8,34.21585365853659,36.0,38.74390243902439,3.3780487804878048,0.0,0.0
9465,1229,Williams,Sakhir,10.0,MEDIUM,6,MEDIUM,19.373170731707315,19.8,34.21585365853659,36.0,38.74390243902439,3.3780487804878048,0.0,0.0
9466,1229,Alpine,Sakhir,10.0,SOFT,7,SOFT,17.24756097560976,17.4,22.098780487804877,23.4,39.02439024390244,2.2817073170731708,0.0,0.0
9466,1229,Aston Martin,Sakhir,10.0,SOFT,7,SOFT,17.24756097560976,17.4,22.098780487804877,23.4,39.02439024390244,2.2817073170731708,0.0,0.0
9466,1229,Ferrari,Sakhir,10.0,SOFT,9,SOFT,17.24756097560976,17.4,22.098780487804877,23.4,39.02439024390244,2.2817073170731708,0.0,0.0
9466,1229,Haas F1 Team,Sakhir,10.0,SOFT,6,SOFT,17.24756097560976,17.4,22.098780487804877,23.4,39.02439024390244,2.2817073170731708,0.0,0.0
9466,1229,Kick Sauber,Sakhir,10.0,MEDIUM,9,SOFT,17.24756097560976,17.4,22.098780487804877,23.4,39.02439024390244,2.2817073170731708,0.0,0.0
9466,1229,McLaren,Sakhir,10.0,MEDIUM,8,SOFT,17.24756097560976,17.4,22.098780487804877,23.4,39.02439024390244,2.2817073170731708,0.0,0.0
9466,1229,Mercedes,Sakhir,10.0,SOFT,8,SOFT,17.24756097560976,17.4,22.098780487804877,23.4,39.02439024390244,2.2817073170731708,0.0,0.0
9466,1229,RB,Sakhir,10.0,MEDIUM,6,SOFT,17.24756097560976,17.4,22.098780487804877,23.4,39.02439024390244,2.2817073170731708,0.0,0.0
9466,1229,Red Bull Racing,Sakhir,10.0,SOFT,7,SOFT,17.24756097560976,17.4,22.098780487804877,23.4,39.02439024390244,2.2817073170731708,0.0,0.0
9466,1229,Williams,Sakhir,10.0,MEDIUM,11,SOFT,17.24756097560976,17.4,22.098780487804877,23.4,39.02439024390244,2.2817073170731708,0.0,0.0
9467,1229,Alpine,Sakhir,10.0,SOFT,6,SOFT,20.259756097560977,20.6,32.01341463414634,35.2,35.71951219512195,2.778048780487805,0.0,0.0
9467,1229,Aston Martin,Sakhir,10.0,SOFT,8,SOFT,20.259756097560977,20.6,32.01341463414634,35.2,35.71951219512195,2.778048780487805,0.0,0.0
9467,1229,Ferrari,Sakhir,10.0,SOFT,8,SOFT,20.259756097560977,20.6,32.01341463414634,35.2,35.71951219512195,2.778048780487805,0.0,0.0
9467,1229,Haas F1 Team,Sakhir,10.0,SOFT,6,SOFT,20.259756097560977,20.6,32.01341463414634,35.2,35.71951219512195,2.778048780487805,0.0,0.0
9467,1229,Kick Sauber,Sakhir,10.0,SOFT,12,SOFT,20.259756097560977,20.6,32.01341463414634,35.2,35.71951219512195,2.778048780487805,0.0,0.0
9467,1229,McLaren,Sakhir,10.0,SOFT,8,SOFT,20.259756097560977,20.6,32.01341463414634,35.2,35.71951219512195,2.778048780487805,0.0,0.0
9467,1229,Mercedes,Sakhir,10.0,SOFT,9,SOFT,20.259756097560977,20.6,32.01341463414634,35.2,35.71951219512195,2.778048780487805,0.0,0.0
9467,1229,RB,Sakhir,10.0,SOFT,7,SOFT,20.259756097560977,20.6,32.01341463414634,35.2,35.71951219512195,2.778048780487805,0.0,0.0
9467,1229,Red Bull Racing,Sakhir,10.0,HARD,8,SOFT,20.259756097560977,20.6,32.01341463414634,35.2,35.71951219512195,2.778048780487805,0.0,0.0
9467,1229,Williams,Sakhir,10.0,MEDIUM,12,SOFT,20.259756097560977,20.6,32.01341463414634,35.2,35.71951219512195,2.778048780487805,0.0,0.0
9468,1229,Alpine,Sakhir,19.5,MEDIUM,6,SOFT,18.049350649350657,18.2,21.51428571428572,22.2,46.94805194805195,1.9948051948051948,0.0,0.0
9468,1229,Aston Martin,Sakhir,9.0,SOFT,9,SOFT,18.049350649350657,18.2,21.51428571428572,22.2,46.94805194805195,1.9948051948051948,0.0,0.0
9468,1229,Ferrari,Sakhir,3.0,MEDIUM,13,SOFT,18.049350649350657,18.2,21.51428571428572,22.2,46.94805194805195,1.9948051948051948,0.0,0.0
9468,1229,Haas F1 Team,Sakhir,12.5,SOFT,10,SOFT,18.049350649350657,18.2,21.51428571428572,22.2,46.94805194805195,1.9948051948051948,0.0,0.0
9468,1229,Kick Sauber,Sakhir,16.5,SOFT,4,SOFT,18.049350649350657,18.2,21.51428571428572,22.2,46.94805194805195,1.9948051948051948,0.0,0.0
9468,1229,McLaren,Sakhir,7.5,SOFT,12,SOFT,18.049350649350657,18.2,21.51428571428572,22.2,46.94805194805195,1.9948051948051948,0.0,0.0
9468,1229,Mercedes,Sakhir,6.0,SOFT,12,SOFT,18.049350649350657,18.2,21.51428571428572,22.2,46.94805194805195,1.9948051948051948,0.0,0.0
9468,1229,RB,Sakhir,12.5,SOFT,8,SOFT,18.049350649350657,18.2,21.51428571428572,22.2,46.94805194805195,1.9948051948051948,0.0,0.0
9468,1229,Red Bull Racing,Sakhir,3.0,SOFT,12,SOFT,18.049350649350657,18.2,21.51428571428572,22.2,46.94805194805195,1.9948051948051948,0.0,0.0
9468,1229,Williams,Sakhir,15.5,SOFT,6,SOFT,18.049350649350657,18.2,21.51428571428572,22.2,46.94805194805195,1.9948051948051948,0.0,0.0
9472,1229,Alpine,Sakhir,10.0,SOFT,5,HARD,18.22738853503185,18.9,23.652866242038222,26.5,48.82165605095541,0.7859872611464969,0.0,0.0
9472,1229,Aston Martin,Sakhir,10.0,SOFT,4,HARD,18.22738853503185,18.9,23.652866242038222,26.5,48.82165605095541,0.7859872611464969,0.0,0.0
9472,1229,Ferrari,Sakhir,10.0,SOFT,4,HARD,18.22738853503185,18.9,23.652866242038222,26.5,48.82165605095541,0.7859872611464969,0.0,0.0
9472,1229,Haas F1 Team,Sakhir,10.0,SOFT,5,HARD,18.22738853503185,18.9,23.652866242038222,26.5,48.82165605095541,0.7859872611464969,0.0,0.0
9472,1229,Kick Sauber,Sakhir,10.0,SOFT,4,HARD,18.22738853503185,18.9,23.652866242038222,26.5,48.82165605095541,0.7859872611464969,0.0,0.0
9472,1229,McLaren,Sakhir,10.0,SOFT,4,HARD,18.22738853503185,18.9,23.652866242038222,26.5,48.82165605095541,0.7859872611464969,0.0,0.0
9472,1229,Mercedes,Sakhir,10.0,SOFT,4,HARD,18.22738853503185,18.9,23.652866242038222,26.5,48.82165605095541,0.7859872611464969,0.0,0.0
9472,1229,RB,Sakhir,10.0,SOFT,4,HARD,18.22738853503185,18.9,23.652866242038222,26.5,48.82165605095541,0.7859872611464969,0.0,0.0
9472,1229,Red Bull Racing,Sakhir,10.0,SOFT,4,HARD,18.22738853503185,18.9,23.652866242038222,26.5,48.82165605095541,0.7859872611464969,0.0,0.0
9472,1229,Williams,Sakhir,10.0,SOFT,5,HARD,18.22738853503185,18.9,23.652866242038222,26.5,48.82165605095541,0.7859872611464969,0.0,0.0
9473,1230,Alpine,Jeddah,10.0,MEDIUM,7,SOFT,26.754999999999995,27.1,39.70125,41.9,57.575,4.80625,0.0,0.0
9473,1230,Aston Martin,Jeddah,10.0,HARD,6,SOFT,26.754999999999995,27.1,39.70125,41.9,57.575,4.80625,0.0,0.0
9473,1230,Ferrari,Jeddah,10.0,HARD,9,SOFT,26.754999999999995,27.1,39.70125,41.9,57.575,4.80625,0.0,0.0
9473,1230,Haas F1 Team,Jeddah,10.0,HARD,7,MEDIUM,26.754999999999995,27.1,39.70125,41.9,57.575,4.80625,0.0,0.0
9473,1230,Kick Sauber,Jeddah,10.0,HARD,8,SOFT,26.754999999999995,27.1,39.70125,41.9,57.575,4.80625,0.0,0.0
9473,1230,McLaren,Jeddah,10.0,HARD,8,SOFT,26.754999999999995,27.1,39.70125,41.9,57.575,4.80625,0.0,0.0
9473,1230,Mercedes,Jeddah,10.0,HARD,9,SOFT,26.754999999999995,27.1,39.70125,41.9,57.575,4.80625,0.0,0.0
9473,1230,RB,Jeddah,10.0,HARD,6,MEDIUM,26.754999999999995,27.1,39.70125,41.9,57.575,4.80625,0.0,0.0
9473,1230,Red Bull Racing,Jeddah,10.0,HARD,8,SOFT,26.754999999999995,27.1,39.70125,41.9,57.575,4.80625,0.0,0.0
9473,1230,Williams,Jeddah,10.0,HARD,6,MEDIUM,26.754999999999995,27.1,39.70125,41.9,57.575,4.80625,0.0,0.0
9474,1230,Alpine,Jeddah,10.0,MEDIUM,6,SOFT,25.370967741935488,25.6,30.59677419354838,31.5,59.784946236559136,2.4010752688172046,0.0,0.0
9474,1230,Aston Martin,Jeddah,10.0,MEDIUM,7,SOFT,25.370967741935488,25.6,30.59677419354838,31.5,59.784946236559136,2.4010752688172046,0.0,0.0
9474,1230,Ferrari,Jeddah,10.0,MEDIUM,9,SOFT,25.370967741935488,25.6,30.59677419354838,31.5,59.784946236559136,2.4010752688172046,0.0,0.0
9474,1230,Haas F1 Team,Jeddah,10.0,HARD,7,SOFT,25.370967741935488,25.6,30.59677419354838,31.5,59.784946236559136,2.4010752688172046,0.0,0.0
9474,1230,Kick Sauber,Jeddah,10.0,HARD,7,SOFT,25.370967741935488,25.6,30.59677419354838,31.5,59.784946236559136,2.4010752688172046,0.0,0.0
9474,1230,McLaren,Jeddah,10.0,HARD,10,SOFT,25.370967741935488,25.6,30.59677419354838,31.5,59.784946236559136,2.4010752688172046,0.0,0.0
9474,1230,Mercedes,Jeddah,10.0,MEDIUM,9,SOFT,25.370967741935488,25.6,30.59677419354838,31.5,59.784946236559136,2.4010752688172046,0.0,0.0
9474,1230,RB,Jeddah,10.0,SOFT,6,SOFT,25.370967741935488,25.6,30.59677419354838,31.5,59.784946236559136,2.4010752688172046,0.0,0.0
9474,1230,Red Bull Racing,Jeddah,10.0,MEDIUM,8,SOFT,25.370967741935488,25.6,30.59677419354838,31.5,59.784946236559136,2.4010752688172046,0.0,0.0
9474,1230,Williams,Jeddah,10.0,HARD,8,SOFT,25.370967741935488,25.6,30.59677419354838,31.5,59.784946236559136,2.4010752688172046,0.0,0.0
9541,1239,Alpine,Spielberg,11.5,SOFT,14,SOFT,31.32894736842105,31.6,46.107894736842105,47.9,37.69736842105263,1.335526315789474,0.0,0.0
9541,1239,Aston Martin,Spielberg,16.0,SOFT,8,SOFT,31.32894736842105,31.6,46.107894736842105,47.9,37.69736842105263,1.335526315789474,0.0,0.0
9541,1239,Ferrari,Spielberg,5.0,SOFT,14,SOFT,31.32894736842105,31.6,46.107894736842105,47.9,37.69736842105263,1.335526315789474,0.0,0.0
9541,1239,Haas F1 Team,Spielberg,10.5,SOFT,12,SOFT,31.32894736842105,31.6,46.107894736842105,47.9,37.69736842105263,1.335526315789474,0.0,0.0
9541,1239,Kick Sauber,Spielberg,19.0,SOFT,6,SOFT,31.32894736842105,31.6,46.107894736842105,47.9,37.69736842105263,1.335526315789474,0.0,0.0
9541,1239,McLaren,Spielberg,4.5,SOFT,13,SOFT,31.32894736842105,31.6,46.107894736842105,47.9,37.69736842105263,1.335526315789474,0.0,0.0
9541,1239,Mercedes,Spielberg,4.0,SOFT,12,SOFT,31.32894736842105,31.6,46.107894736842105,47.9,37.69736842105263,1.335526315789474,0.0,0.0
9541,1239,RB,Spielberg,12.5,SOFT,10,SOFT,31.32894736842105,31.6,46.107894736842105,47.9,37.69736842105263,1.335526315789474,0.0,0.0
9541,1239,Red Bull Racing,Spielberg,4.5,SOFT,13,SOFT,31.32894736842105,31.6,46.107894736842105,47.9,37.69736842105263,1.335526315789474,0.0,0.0
9541,1239,Williams,Spielberg,17.5,SOFT,6,SOFT,31.32894736842105,31.6,46.107894736842105,47.9,37.69736842105263,1.335526315789474,0.0,0.0
9550,1239,Alpine,Spielberg,10.0,MEDIUM,4,HARD,29.42587412587413,30.6,46.420979020979026,49.0,35.00699300699301,1.667832167832168,1.0,0.006993006993006993
9550,1239,Aston Martin,Spielberg,10.0,MEDIUM,5,HARD,29.42587412587413,30.6,46.420979020979026,49.0,35.00699300699301,1.667832167832168,1.0,0.006993006993006993
9550,1239,Ferrari,Spielberg,10.0,MEDIUM,6,HARD,29.42587412587413,30.6,46.420979020979026,49.0,35.00699300699301,1.667832167832168,1.0,0.006993006993006993
9550,1239,Haas F1 Team,Spielberg,10.0,MEDIUM,4,HARD,29.42587412587413,30.6,46.420979020979026,49.0,35.00699300699301,1.667832167832168,1.0,0.006993006993006993
9550,1239,Kick Sauber,Spielberg,10.0,HARD,4,MEDIUM,29.42587412587413,30.6,46.420979020979026,49.0,35.00699300699301,1.667832167832168,1.0,0.006993006993006993
9550,1239,McLaren,Spielberg,10.0,MEDIUM,4,HARD,29.42587412587413,30.6,46.420979020979026,49.0,35.00699300699301,1.667832167832168,1.0,0.006993006993006993
9550,1239,Mercedes,Spielberg,10.0,MEDIUM,4,HARD,29.42587412587413,30.6,46.420979020979026,49.0,35.00699300699301,1.667832167832168,1.0,0.006993006993006993
9550,1239,RB,Spielberg,10.0,MEDIUM,4,HARD,29.42587412587413,30.6,46.420979020979026,49.0,35.00699300699301,1.667832167832168,1.0,0.006993006993006993
9550,1239,Red Bull Racing,Spielberg,10.0,MEDIUM,5,HARD,29.42587412587413,30.6,46.420979020979026,49.0,35.00699300699301,1.667832167832168,1.0,0.006993006993006993
9550,1239,Williams,Spielberg,10.0,MEDIUM,5,HARD,29.42587412587413,30.6,46.420979020979026,49.0,35.00699300699301,1.667832167832168,1.0,0.006993006993006993
9551,1240,Alpine,Silverstone,10.0,HARD,9,SOFT,16.386419753086418,17.2,24.554320987654318,28.1,75.61728395061728,1.3691358024691358,0.0,0.0
9551,1240,Aston Martin,Silverstone,10.0,HARD,9,MEDIUM,16.386419753086418,17.2,24.554320987654318,28.1,75.61728395061728,1.3691358024691358,0.0,0.0
9551,1240,Ferrari,Silverstone,10.0,HARD,8,MEDIUM,16.386419753086418,17.2,24.554320987654318,28.1,75.61728395061728,1.3691358024691358,0.0,0.0
9551,1240,Haas F1 Team,Silverstone,10.0,HARD,8,MEDIUM,16.386419753086418,17.2,24.554320987654318,28.1,75.61728395061728,1.3691358024691358,0.0,0.0
9551,1240,Kick Sauber,Silverstone,10.0,HARD,8,SOFT,16.386419753086418,17.2,24.554320987654318,28.1,75.61728395061728,1.3691358024691358,0.0,0.0
9551,1240,McLaren,Silverstone,10.0,HARD,12,SOFT,16.386419753086418,17.2,24.554320987654318,28.1,75.61728395061728,1.3691358024691358,0.0,0.0
9551,1240,Mercedes,Silverstone,10.0,HARD,11,MEDIUM,16.386419753086418,17.2,24.554320987654318,28.1,75.61728395061728,1.3691358024691358,0.0,0.0
9551,1240,RB,Silverstone,10.0,HARD,5,SOFT,16.386419753086418,17.2,24.554320987654318,28.1,75.61728395061728,1.3691358024691358,0.0,0.0
9551,1240,Red Bull Racing,Silverstone,10.0,HARD,8,MEDIUM,16.386419753086418,17.2,24.554320987654318,28.1,75.61728395061728,1.3691358024691358,0.0,0.0
9551,1240,Williams,Silverstone,10.0,HARD,9,SOFT,16.386419753086418,17.2,24.554320987654318,28.1,75.61728395061728,1.3691358024691358,0.0,0.0
9552,1240,Alpine,Silverstone,10.0,MEDIUM,6,SOFT,18.319753086419755,18.9,29.296296296296298,32.7,67.5679012345679,1.7185185185185183,14.0,0.1728395061728395
9552,1240,Aston Martin,Silverstone,10.0,HARD,6,SOFT,18.319753086419755,18.9,29.296296296296298,32.7,67.5679012345679,1.7185185185185183,14.0,0.1728395061728395
9552,1240,Ferrari,Silverstone,10.0,MEDIUM,11,SOFT,18.319753086419755,18.9,29.296296296296298,32.7,67.5679012345679,1.7185185185185183,14.0,0.1728395061728395
9552,1240,Haas F1 Team,Silverstone,10.0,HARD,8,SOFT,18.319753086419755,18.9,29.296296296296298,32.7,67.5679012345679,1.7185185185185183,14.0,0.1728395061728395
9552,1240,Kick Sauber,Silverstone,10.0,HARD,6,MEDIUM,18.319753086419755,18.9,29.296296296296298,32.7,67.5679012345679,1.7185185185185183,14.0,0.1728395061728395
9552,1240,McLaren,Silverstone,10.0,MEDIUM,8,SOFT,18.319753086419755,18.9,29.296296296296298,32.7,67.5679012345679,1.7185185185185183,14.0,0.1728395061728395
9552,1240,Mercedes,Silverstone,10.0,MEDIUM,11,SOFT,18.319753086419755,18.9,29.296296296296298,32.7,67.5679012345679,1.7185185185185183,14.0,0.1728395061728395
9552,1240,RB,Silverstone,10.0,MEDIUM,9,SOFT,18.319753086419755,18.9,29.296296296296298,32.7,67.5679012345679,1.7185185185185183,14.0,0.1728395061728395
9552,1240,Red Bull Racing,Silverstone,10.0,MEDIUM,10,SOFT,18.319753086419755,18.9,29.296296296296298,32.7,67.5679012345679,1.7185185185185183,14.0,0.1728395061728395
9552,1240,Williams,Silverstone,10.0,MEDIUM,7,SOFT,18.319753086419755,18.9,29.296296296296298,32.7,67.5679012345679,1.7185185185185183,14.0,0.1728395061728395
9553,1240,Alpine,Silverstone,10.0,INTERMEDIATE,5,INTERMEDIATE,11.173170731707318,11.6,16.291463414634144,17.7,89.42682926829268,2.296341463414634,54.0,0.6585365853658537
9553,1240,Aston Martin,Silverstone,10.0,INTERMEDIATE,7,INTERMEDIATE,11.173170731707318,11.6,16.291463414634144,17.7,89.42682926829268,2.296341463414634,54.0,0.6585365853658537
9553,1240,Ferrari,Silverstone,10.0,INTERMEDIATE,7,INTERMEDIATE,11.173170731707318,11.6,16.291463414634144,17.7,89.42682926829268,2.296341463414634,54.0,0.6585365853658537
9553,1240,Haas F1 Team,Silverstone,10.0,INTERMEDIATE,8,INTERMEDIATE,11.173170731707318,11.6,16.291463414634144,17.7,89.42682926829268,2.296341463414634,54.0,0.6585365853658537
9553,1240,Kick Sauber,Silverstone,10.0,INTERMEDIATE,8,INTERMEDIATE,11.173170731707318,11.6,16.291463414634144,17.7,89.42682926829268,2.296341463414634,54.0,0.6585365853658537
9553,1240,McLaren,Silverstone,10.0,INTERMEDIATE,8,INTERMEDIATE,11.173170731707318,11.6,16.291463414634144,17.7,89.42682926829268,2.296341463414634,54.0,0.6585365853658537
9553,1240,Mercedes,Silverstone,10.0,INTERMEDIATE,9,INTERMEDIATE,11.173170731707318,11.6,16.291463414634144,17.7,89.42682926829268,2.296341463414634,54.0,0.6585365853658537
9553,1240,RB,Silverstone,10.0,INTERMEDIATE,9,INTERMEDIATE,11.173170731707318,11.6,16.291463414634144,17.7,89.42682926829268,2.296341463414634,54.0,0.6585365853658537
9553,1240,Red Bull Racing,Silverstone,10.0,INTERMEDIATE,8,INTERMEDIATE,11.173170731707318,11.6,16.291463414634144,17.7,89.42682926829268,2.296341463414634,54.0,0.6585365853658537
9553,1240,Williams,Silverstone,10.0,INTERMEDIATE,7,INTERMEDIATE,11.173170731707318,11.6,16.291463414634144,17.7,89.42682926829268,2.296341463414634,54.0,0.6585365853658537
9554,1240,Alpine,Silverstone,19.0,INTERMEDIATE,5,SOFT,13.69764705882353,14.6,21.21529411764706,24.0,74.38823529411765,1.7694117647058825,6.0,0.07058823529411765
9554,1240,Aston Martin,Silverstone,9.0,INTERMEDIATE,13,SOFT,13.69764705882353,14.6,21.21529411764706,24.0,74.38823529411765,1.7694117647058825,6.0,0.07058823529411765
9554,1240,Ferrari,Silverstone,9.0,INTERMEDIATE,12,SOFT,13.69764705882353,14.6,21.21529411764706,24.0,74.38823529411765,1.7694117647058825,6.0,0.07058823529411765
9554,1240,Haas F1 Team,Silverstone,11.5,INTERMEDIATE,7,SOFT,13.69764705882353,14.6,21.21529411764706,24.0,74.38823529411765,1.7694117647058825,6.0,0.07058823529411765
9554,1240,Kick Sauber,Silverstone,15.0,INTERMEDIATE,8,SOFT,13.69764705882353,14.6,21.21529411764706,24.0,74.38823529411765,1.7694117647058825,6.0,0.07058823529411765
9554,1240,McLaren,Silverstone,4.0,INTERMEDIATE,12,SOFT,13.69764705882353,14.6,21.21529411764706,24.0,74.38823529411765,1.7694117647058825,6.0,0.07058823529411765
9554,1240,Mercedes,Silverstone,1.5,INTERMEDIATE,14,SOFT,13.69764705882353,14.6,21.21529411764706,24.0,74.38823529411765,1.7694117647058825,6.0,0.07058823529411765
9554,1240,RB,Silverstone,14.0,INTERMEDIATE,10,SOFT,13.69764705882353,14.6,21.21529411764706,24.0,74.38823529411765,1.7694117647058825,6.0,0.07058823529411765
9554,1240,Red Bull Racing,Silverstone,11.5,INTERMEDIATE,8,SOFT,13.69764705882353,14.6,21.21529411764706,24.0,74.38823529411765,1.7694117647058825,6.0,0.07058823529411765
9554,1240,Williams,Silverstone,10.5,INTERMEDIATE,12,SOFT,13.69764705882353,14.6,21.21529411764706,24.0,74.38823529411765,1.7694117647058825,6.0,0.07058823529411765
9558,1240,Alpine,Silverstone,10.0,MEDIUM,4,INTERMEDIATE,15.77074829931973,16.8,27.670068027210885,37.9,67.33333333333333,1.3482993197278912,51.0,0.3469387755102041
9558,1240,Aston Martin,Silverstone,10.0,MEDIUM,4,INTERMEDIATE,15.77074829931973,16.8,27.670068027210885,37.9,67.33333333333333,1.3482993197278912,51.0,0.3469387755102041
9558,1240,Ferrari,Silverstone,10.0,MEDIUM,6,INTERMEDIATE,15.77074829931973,16.8,27.670068027210885,37.9,67.33333333333333,1.3482993197278912,51.0,0.3469387755102041
9558,1240,Haas F1 Team,Silverstone,10.0,MEDIUM,4,INTERMEDIATE,15.77074829931973,16.8,27.670068027210885,37.9,67.33333333333333,1.3482993197278912,51.0,0.3469387755102041
9558,1240,Kick Sauber,Silverstone,10.0,MEDIUM,6,INTERMEDIATE,15.77074829931973,16.8,27.670068027210885,37.9,67.33333333333333,1.3482993197278912,51.0,0.3469387755102041
9558,1240,McLaren,Silverstone,10.0,MEDIUM,4,INTERMEDIATE,15.77074829931973,16.8,27.670068027210885,37.9,67.33333333333333,1.3482993197278912,51.0,0.3469387755102041
9558,1240,Mercedes,Silverstone,10.0,MEDIUM,3,INTERMEDIATE,15.77074829931973,16.8,27.670068027210885,37.9,67.33333333333333,1.3482993197278912,51.0,0.3469387755102041
9558,1240,RB,Silverstone,10.0,MEDIUM,4,INTERMEDIATE,15.77074829931973,16.8,27.670068027210885,37.9,67.33333333333333,1.3482993197278912,51.0,0.3469387755102041
9558,1240,Red Bull Racing,Silverstone,10.0,HARD,6,INTERMEDIATE,15.77074829931973,16.8,27.670068027210885,37.9,67.33333333333333,1.3482993197278912,51.0,0.3469387755102041
9558,1240,Williams,Silverstone,10.0,MEDIUM,4,INTERMEDIATE,15.77074829931973,16.8,27.670068027210885,37.9,67.33333333333333,1.3482993197278912,51.0,0.3469387755102041
9627,1249,Alpine,Interlagos,8.5,WET,13,INTERMEDIATE,20.271962616822428,20.8,23.379439252336446,24.3,93.35514018691589,0.5803738317757009,87.0,0.8130841121495327
9627,1249,Aston Martin,Interlagos,9.5,WET,11,INTERMEDIATE,20.271962616822428,20.8,23.379439252336446,24.3,93.35514018691589,0.5803738317757009,87.0,0.8130841121495327
9627,1249,Ferrari,Interlagos,13.0,WET,12,INTERMEDIATE,20.271962616822428,20.8,23.379439252336446,24.3,93.35514018691589,0.5803738317757009,87.0,0.8130841121495327
9627,1249,Haas F1 Team,Interlagos,16.5,WET,4,WET,20.271962616822428,20.8,23.379439252336446,24.3,93.35514018691589,0.5803738317757009,87.0,0.8130841121495327
9627,1249,Kick Sauber,Interlagos,15.0,WET,8,INTERMEDIATE,20.271962616822428,20.8,23.379439252336446,24.3,93.35514018691589,0.5803738317757009,87.0,0.8130841121495327
9627,1249,McLaren,Interlagos,4.5,WET,15,INTERMEDIATE,20.271962616822428,20.8,23.379439252336446,24.3,93.35514018691589,0.5803738317757009,87.0,0.8130841121495327
9627,1249,Mercedes,Interlagos,8.0,WET,10,INTERMEDIATE,20.271962616822428,20.8,23.379439252336446,24.3,93.35514018691589,0.5803738317757009,87.0,0.8130841121495327
9627,1249,RB,Interlagos,4.0,WET,16,INTERMEDIATE,20.271962616822428,20.8,23.379439252336446,24.3,93.35514018691589,0.5803738317757009,87.0,0.8130841121495327
9627,1249,Red Bull Racing,Interlagos,14.5,WET,10,INTERMEDIATE,20.271962616822428,20.8,23.379439252336446,24.3,93.35514018691589,0.5803738317757009,87.0,0.8130841121495327
9627,1249,Williams,Interlagos,11.5,WET,8,INTERMEDIATE,20.271962616822428,20.8,23.379439252336446,24.3,93.35514018691589,0.5803738317757009,87.0,0.8130841121495327
9635,1249,Alpine,Interlagos,10.0,MEDIUM,0,MEDIUM,28.080263157894734,28.8,45.946052631578944,50.4,49.44736842105263,1.6618421052631578,16.0,0.21052631578947367
9635,1249,Aston Martin,Interlagos,10.0,MEDIUM,0,MEDIUM,28.080263157894734,28.8,45.946052631578944,50.4,49.44736842105263,1.6618421052631578,16.0,0.21052631578947367
9635,1249,Ferrari,Interlagos,10.0,MEDIUM,0,MEDIUM,28.080263157894734,28.8,45.946052631578944,50.4,49.44736842105263,1.6618421052631578,16.0,0.21052631578947367
9635,1249,Haas F1 Team,Interlagos,10.0,MEDIUM,0,MEDIUM,28.080263157894734,28.8,45.946052631578944,50.4,49.44736842105263,1.6618421052631578,16.0,0.21052631578947367
9635,1249,Kick Sauber,Interlagos,10.0,MEDIUM,0,MEDIUM,28.080263157894734,28.8,45.946052631578944,50.4,49.44736842105263,1.6618421052631578,16.0,0.21052631578947367
9635,1249,McLaren,Interlagos,10.0,MEDIUM,0,MEDIUM,28.080263157894734,28.8,45.946052631578944,50.4,49.44736842105263,1.6618421052631578,16.0,0.21052631578947367
9635,1249,Mercedes,Interlagos,10.0,MEDIUM,0,MEDIUM,28.080263157894734,28.8,45.946052631578944,50.4,49.44736842105263,1.6618421052631578,16.0,0.21052631578947367
9635,1249,RB,Interlagos,10.0,MEDIUM,0,MEDIUM,28.080263157894734,28.8,45.946052631578944,50.4,49.44736842105263,1.6618421052631578,16.0,0.21052631578947367
9635,1249,Red Bull Racing,Interlagos,10.0,MEDIUM,0,MEDIUM,28.080263157894734,28.8,45.946052631578944,50.4,49.44736842105263,1.6618421052631578,16.0,0.21052631578947367
9635,1249,Williams,Interlagos,10.0,MEDIUM,0,MEDIUM,28.080263157894734,28.8,45.946052631578944,50.4,49.44736842105263,1.6618421052631578,16.0,0.21052631578947367
9636,1249,Alpine,Interlagos,10.0,INTERMEDIATE,2,INTERMEDIATE,21.662686567164172,23.4,25.769651741293536,29.5,85.2587064676617,0.735820895522388,117.0,0.582089552238806
9636,1249,Aston Martin,Interlagos,10.0,INTERMEDIATE,2,INTERMEDIATE,21.662686567164172,23.4,25.769651741293536,29.5,85.2587064676617,0.735820895522388,117.0,0.582089552238806
9636,1249,Ferrari,Interlagos,10.0,INTERMEDIATE,4,INTERMEDIATE,21.662686567164172,23.4,25.769651741293536,29.5,85.2587064676617,0.735820895522388,117.0,0.582089552238806
9636,1249,Haas F1 Team,Interlagos,10.0,INTERMEDIATE,5,WET,21.662686567164172,23.4,25.769651741293536,29.5,85.2587064676617,0.735820895522388,117.0,0.582089552238806
9636,1249,Kick Sauber,Interlagos,10.0,INTERMEDIATE,5,WET,21.662686567164172,23.4,25.769651741293536,29.5,85.2587064676617,0.735820895522388,117.0,0.582089552238806
9636,1249,McLaren,Interlagos,10.0,INTERMEDIATE,4,INTERMEDIATE,21.662686567164172,23.4,25.769651741293536,29.5,85.2587064676617,0.735820895522388,117.0,0.582089552238806
9636,1249,Mercedes,Interlagos,10.0,INTERMEDIATE,4,INTERMEDIATE,21.662686567164172,23.4,25.769651741293536,29.5,85.2587064676617,0.735820895522388,117.0,0.582089552238806
9636,1249,RB,Interlagos,10.0,INTERMEDIATE,4,WET,21.662686567164172,23.4,25.769651741293536,29.5,85.2587064676617,0.735820895522388,117.0,0.582089552238806
9636,1249,Red Bull Racing,Interlagos,10.0,INTERMEDIATE,3,WET,21.662686567164172,23.4,25.769651741293536,29.5,85.2587064676617,0.735820895522388,117.0,0.582089552238806
9636,1249,Williams,Interlagos,10.0,INTERMEDIATE,2,INTERMEDIATE,21.662686567164172,23.4,25.769651741293536,29.5,85.2587064676617,0.735820895522388,117.0,0.582089552238806
9637,1250,Alpine,Las Vegas,10.0,MEDIUM,7,SOFT,14.065060240963856,14.6,15.683132530120483,16.5,19.626506024096386,0.9951807228915662,0.0,0.0
9637,1250,Aston Martin,Las Vegas,10.0,MEDIUM,6,SOFT,14.065060240963856,14.6,15.683132530120483,16.5,19.626506024096386,0.9951807228915662,0.0,0.0
9637,1250,Ferrari,Las Vegas,10.0,MEDIUM,6,SOFT,14.065060240963856,14.6,15.683132530120483,16.5,19.626506024096386,0.9951807228915662,0.0,0.0
9637,1250,Haas F1 Team,Las Vegas,10.0,MEDIUM,9,SOFT,14.065060240963856,14.6,15.683132530120483,16.5,19.626506024096386,0.9951807228915662,0.0,0.0
9637,1250,Kick Sauber,Las Vegas,10.0,MEDIUM,6,SOFT,14.065060240963856,14.6,15.683132530120483,16.5,19.626506024096386,0.9951807228915662,0.0,0.0
9637,1250,McLaren,Las Vegas,10.0,MEDIUM,9,SOFT,14.065060240963856,14.6,15.683132530120483,16.5,19.626506024096386,0.9951807228915662,0.0,0.0
9637,1250,Mercedes,Las Vegas,10.0,MEDIUM,6,SOFT,14.065060240963856,14.6,15.683132530120483,16.5,19.626506024096386,0.9951807228915662,0.0,0.0
9637,1250,RB,Las Vegas,10.0,MEDIUM,6,SOFT,14.065060240963856,14.6,15.683132530120483,16.5,19.626506024096386,0.9951807228915662,0.0,0.0
9637,1250,Red Bull Racing,Las Vegas,10.0,SOFT,4,SOFT,14.065060240963856,14.6,15.683132530120483,16.5,19.626506024096386,0.9951807228915662,0.0,0.0
9637,1250,Williams,Las Vegas,10.0,MEDIUM,7,SOFT,14.065060240963856,14.6,15.683132530120483,16.5,19.626506024096386,0.9951807228915662,0.0,0.0
9638,1250,Alpine,Las Vegas,10.0,MEDIUM,6,SOFT,11.150862068965516,11.5,12.880172413793101,13.2,24.29310344827586,0.9017241379310343,0.0,0.0
9638,1250,Aston Martin,Las Vegas,10.0,MEDIUM,7,SOFT,11.150862068965516,11.5,12.880172413793101,13.2,24.29310344827586,0.9017241379310343,0.0,0.0
9638,1250,Ferrari,Las Vegas,10.0,MEDIUM,6,SOFT,11.150862068965516,11.5,12.880172413793101,13.2,24.29310344827586,0.9017241379310343,0.0,0.0
9638,1250,Haas F1 Team,Las Vegas,10.0,MEDIUM,7,SOFT,11.150862068965516,11.5,12.880172413793101,13.2,24.29310344827586,0.9017241379310343,0.0,0.0
9638,1250,Kick Sauber,Las Vegas,10.0,MEDIUM,8,SOFT,11.150862068965516,11.5,12.880172413793101,13.2,24.29310344827586,0.9017241379310343,0.0,0.0
9638,1250,McLaren,Las Vegas,10.0,MEDIUM,9,SOFT,11.150862068965516,11.5,12.880172413793101,13.2,24.29310344827586,0.9017241379310343,0.0,0.0
9638,1250,Mercedes,Las Vegas,10.0,MEDIUM,6,SOFT,11.150862068965516,11.5,12.880172413793101,13.2,24.29310344827586,0.9017241379310343,0.0,0.0
9638,1250,RB,Las Vegas,10.0,MEDIUM,8,SOFT,11.150862068965516,11.5,12.880172413793101,13.2,24.29310344827586,0.9017241379310343,0.0,0.0
9638,1250,Red Bull Racing,Las Vegas,10.0,MEDIUM,6,SOFT,11.150862068965516,11.5,12.880172413793101,13.2,24.29310344827586,0.9017241379310343,0.0,0.0
9638,1250,Williams,Las Vegas,10.0,MEDIUM,6,SOFT,11.150862068965516,11.5,12.880172413793101,13.2,24.29310344827586,0.9017241379310343,0.0,0.0
9639,1250,Alpine,Las Vegas,10.0,SOFT,6,SOFT,14.853658536585366,15.3,16.830487804878047,17.7,18.573170731707318,0.6524390243902439,0.0,0.0
9639,1250,Aston Martin,Las Vegas,10.0,HARD,11,SOFT,14.853658536585366,15.3,16.830487804878047,17.7,18.573170731707318,0.6524390243902439,0.0,0.0
9639,1250,Ferrari,Las Vegas,10.0,SOFT,8,SOFT,14.853658536585366,15.3,16.830487804878047,17.7,18.573170731707318,0.6524390243902439,0.0,0.0
9639,1250,Haas F1 Team,Las Vegas,10.0,SOFT,8,SOFT,14.853658536585366,15.3,16.830487804878047,17.7,18.573170731707318,0.6524390243902439,0.0,0.0
9639,1250,Kick Sauber,Las Vegas,10.0,HARD,10,SOFT,14.853658536585366,15.3,16.830487804878047,17.7,18.573170731707318,0.6524390243902439,0.0,0.0
9639,1250,McLaren,Las Vegas,10.0,SOFT,7,SOFT,14.853658536585366,15.3,16.830487804878047,17.7,18.573170731707318,0.6524390243902439,0.0,0.0
9639,1250,Mercedes,Las Vegas,10.0,HARD,10,SOFT,14.853658536585366,15.3,16.830487804878047,17.7,18.573170731707318,0.6524390243902439,0.0,0.0
9639,1250,RB,Las Vegas,10.0,HARD,10,SOFT,14.853658536585366,15.3,16.830487804878047,17.7,18.573170731707318,0.6524390243902439,0.0,0.0
9639,1250,Red Bull Racing,Las Vegas,10.0,MEDIUM,6,SOFT,14.853658536585366,15.3,16.830487804878047,17.7,18.573170731707318,0.6524390243902439,0.0,0.0
9639,1250,Williams,Las Vegas,10.0,SOFT,6,SOFT,14.853658536585366,15.3,16.830487804878047,17.7,18.573170731707318,0.6524390243902439,0.0,0.0
9640,1250,Alpine,Las Vegas,7.0,SOFT,10,SOFT,11.834693877551018,12.6,14.06530612244898,14.9,26.755102040816325,0.6734693877551022,0.0,0.0
9640,1250,Aston Martin,Las Vegas,17.0,SOFT,3,SOFT,11.834693877551018,12.6,14.06530612244898,14.9,26.755102040816325,0.6734693877551022,0.0,0.0
9640,1250,Ferrari,Las Vegas,3.0,SOFT,11,SOFT,11.834693877551018,12.6,14.06530612244898,14.9,26.755102040816325,0.6734693877551022,0.0,0.0
9640,1250,Haas F1 Team,Las Vegas,10.5,SOFT,8,SOFT,11.834693877551018,12.6,14.06530612244898,14.9,26.755102040816325,0.6734693877551022,0.0,0.0
9640,1250,Kick Sauber,Las Vegas,16.0,SOFT,6,SOFT,11.834693877551018,12.6,14.06530612244898,14.9,26.755102040816325,0.6734693877551022,0.0,0.0
9640,1250,McLaren,Las Vegas,7.0,SOFT,12,SOFT,11.834693877551018,12.6,14.06530612244898,14.9,26.755102040816325,0.6734693877551022,0.0,0.0
9640,1250,Mercedes,Las Vegas,5.5,MEDIUM,11,SOFT,11.834693877551018,12.6,14.06530612244898,14.9,26.755102040816325,0.6734693877551022,0.0,0.0
9640,1250,RB,Las Vegas,10.5,SOFT,10,SOFT,11.834693877551018,12.6,14.06530612244898,14.9,26.755102040816325,0.6734693877551022,0.0,0.0
9640,1250,Red Bull Racing,Las Vegas,10.0,SOFT,5,SOFT,11.834693877551018,12.6,14.06530612244898,14.9,26.755102040816325,0.6734693877551022,0.0,0.0
9640,1250,Williams,Las Vegas,18.5,SOFT,6,SOFT,11.834693877551018,12.6,14.06530612244898,14.9,26.755102040816325,0.6734693877551022,0.0,0.0
9889,1270,Alpine,Singapore,10.0,HARD,10,SOFT,28.833191489361703,29.3,34.976170212765965,36.1,74.38297872340425,1.9004255319148937,7.0,0.029787234042553193
9889,1270,Aston Martin,Singapore,10.0,MEDIUM,7,SOFT,28.833191489361703,29.3,34.976170212765965,36.1,74.38297872340425,1.9004255319148937,7.0,0.029787234042553193
9889,1270,Ferrari,Singapore,10.0,HARD,8,SOFT,28.833191489361703,29.3,34.976170212765965,36.1,74.38297872340425,1.9004255319148937,7.0,0.029787234042553193
9889,1270,Haas F1 Team,Singapore,10.0,HARD,7,SOFT,28.833191489361703,29.3,34.976170212765965,36.1,74.38297872340425,1.9004255319148937,7.0,0.029787234042553193
9889,1270,Kick Sauber,Singapore,10.0,HARD,8,SOFT,28.833191489361703,29.3,34.976170212765965,36.1,74.38297872340425,1.9004255319148937,7.0,0.029787234042553193
9889,1270,McLaren,Singapore,10.0,HARD,9,SOFT,28.833191489361703,29.3,34.976170212765965,36.1,74.38297872340425,1.9004255319148937,7.0,0.029787234042553193
9889,1270,Mercedes,Singapore,10.0,HARD,10,MEDIUM,28.833191489361703,29.3,34.976170212765965,36.1,74.38297872340425,1.9004255319148937,7.0,0.029787234042553193
9889,1270,Racing Bulls,Singapore,10.0,HARD,10,SOFT,28.833191489361703,29.3,34.976170212765965,36.1,74.38297872340425,1.9004255319148937,7.0,0.029787234042553193
9889,1270,Red Bull Racing,Singapore,10.0,HARD,9,SOFT,28.833191489361703,29.3,34.976170212765965,36.1,74.38297872340425,1.9004255319148937,7.0,0.029787234042553193
9889,1270,Williams,Singapore,10.0,HARD,4,MEDIUM,28.833191489361703,29.3,34.976170212765965,36.1,74.38297872340425,1.9004255319148937,7.0,0.029787234042553193
9890,1270,Alpine,Singapore,10.0,MEDIUM,12,SOFT,28.201176470588234,28.5,32.19,32.7,76.78823529411764,1.6641176470588235,0.0,0.0
9890,1270,Aston Martin,Singapore,10.0,HARD,6,SOFT,28.201176470588234,28.5,32.19,32.7,76.78823529411764,1.6641176470588235,0.0,0.0
9890,1270,Ferrari,Singapore,10.0,MEDIUM,10,SOFT,28.201176470588234,28.5,32.19,32.7,76.78823529411764,1.6641176470588235,0.0,0.0
9890,1270,Haas F1 Team,Singapore,10.0,MEDIUM,8,SOFT,28.201176470588234,28.5,32.19,32.7,76.78823529411764,1.6641176470588235,0.0,0.0
9890,1270,Kick Sauber,Singapore,10.0,MEDIUM,8,SOFT,28.201176470588234,28.5,32.19,32.7,76.78823529411764,1.6641176470588235,0.0,0.0
9890,1270,McLaren,Singapore,10.0,MEDIUM,6,SOFT,28.201176470588234,28.5,32.19,32.7,76.78823529411764,1.6641176470588235,0.0,0.0
9890,1270,Mercedes,Singapore,10.0,MEDIUM,5,SOFT,28.201176470588234,28.5,32.19,32.7,76.78823529411764,1.6641176470588235,0.0,0.0
9890,1270,Racing Bulls,Singapore,10.0,MEDIUM,5,SOFT,28.201176470588234,28.5,32.19,32.7,76.78823529411764,1.6641176470588235,0.0,0.0
9890,1270,Red Bull Racing,Singapore,10.0,MEDIUM,8,SOFT,28.201176470588234,28.5,32.19,32.7,76.78823529411764,1.6641176470588235,0.0,0.0
9890,1270,Williams,Singapore,10.0,MEDIUM,6,SOFT,28.201176470588234,28.5,32.19,32.7,76.78823529411764,1.6641176470588235,0.0,0.0
9891,1270,Alpine,Singapore,10.0,MEDIUM,12,SOFT,30.997021276595742,31.2,40.77446808510638,43.0,61.17872340425532,1.8217021276595746,0.0,0.0
9891,1270,Aston Martin,Singapore,10.0,HARD,12,MEDIUM,30.997021276595742,31.2,40.77446808510638,43.0,61.17872340425532,1.8217021276595746,0.0,0.0
9891,1270,Ferrari,Singapore,10.0,MEDIUM,10,SOFT,30.997021276595742,31.2,40.77446808510638,43.0,61.17872340425532,1.8217021276595746,0.0,0.0
9891,1270,Haas F1 Team,Singapore,10.0,MEDIUM,8,SOFT,30.997021276595742,31.2,40.77446808510638,43.0,61.17872340425532,1.8217021276595746,0.0,0.0
9891,1270,Kick Sauber,Singapore,10.0,MEDIUM,10,SOFT,30.997021276595742,31.2,40.77446808510638,43.0,61.17872340425532,1.8217021276595746,0.0,0.0
9891,1270,McLaren,Singapore,10.0,MEDIUM,10,SOFT,30.997021276595742,31.2,40.77446808510638,43.0,61.17872340425532,1.8217021276595746,0.0,0.0
9891,1270,Mercedes,Singapore,10.0,SOFT,11,SOFT,30.997021276595742,31.2,40.77446808510638,43.0,61.17872340425532,1.8217021276595746,0.0,0.0
9891,1270,Racing Bulls,Singapore,10.0,MEDIUM,7,SOFT,30.997021276595742,31.2,40.77446808510638,43.0,61.17872340425532,1.8217021276595746,0.0,0.0
9891,1270,Red Bull Racing,Singapore,10.0,MEDIUM,8,SOFT,30.997021276595742,31.2,40.77446808510638,43.0,61.17872340425532,1.8217021276595746,0.0,0.0
9891,1270,Williams,Singapore,10.0,SOFT,9,SOFT,30.997021276595742,31.2,40.77446808510638,43.0,61.17872340425532,1.8217021276595746,0.0,0.0
9897,1269,Alpine,Baku,10.0,SOFT,7,SOFT,25.43690476190476,26.2,35.26547619047619,38.1,65.86904761904762,0.7416666666666666,0.0,0.0
9897,1269,Aston Martin,Baku,10.0,SOFT,6,SOFT,25.43690476190476,26.2,35.26547619047619,38.1,65.86904761904762,0.7416666666666666,0.0,0.0
9897,1269,Ferrari,Baku,10.0,SOFT,6,SOFT,25.43690476190476,26.2,35.26547619047619,38.1,65.86904761904762,0.7416666666666666,0.0,0.0
9897,1269,Haas F1 Team,Baku,10.0,SOFT,6,SOFT,25.43690476190476,26.2,35.26547619047619,38.1,65.86904761904762,0.7416666666666666,0.0,0.0
9897,1269,Kick Sauber,Baku,10.0,SOFT,7,SOFT,25.43690476190476,26.2,35.26547619047619,38.1,65.86904761904762,0.7416666666666666,0.0,0.0
9897,1269,McLaren,Baku,10.0,SOFT,7,SOFT,25.43690476190476,26.2,35.26547619047619,38.1,65.86904761904762,0.7416666666666666,0.0,0.0
9897,1269,Mercedes,Baku,10.0,SOFT,8,SOFT,25.43690476190476,26.2,35.26547619047619,38.1,65.86904761904762,0.7416666666666666,0.0,0.0
9897,1269,Racing Bulls,Baku,10.0,SOFT,6,SOFT,25.43690476190476,26.2,35.26547619047619,38.1,65.86904761904762,0.7416666666666666,0.0,0.0
9897,1269,Red Bull Racing,Baku,10.0,SOFT,6,SOFT,25.43690476190476,26.2,35.26547619047619,38.1,65.86904761904762,0.7416666666666666,0.0,0.0
9897,1269,Williams,Baku,10.0,SOFT,6,SOFT,25.43690476190476,26.2,35.26547619047619,38.1,65.86904761904762,0.7416666666666666,0.0,0.0
9898,1269,Alpine,Baku,10.0,SOFT,6,MEDIUM,24.904819277108437,25.3,32.05903614457831,33.0,67.39759036144578,0.7795180722891567,0.0,0.0
9898,1269,Aston Martin,Baku,10.0,SOFT,8,SOFT,24.904819277108437,25.3,32.05903614457831,33.0,67.39759036144578,0.7795180722891567,0.0,0.0
9898,1269,Ferrari,Baku,10.0,MEDIUM,8,SOFT,24.904819277108437,25.3,32.05903614457831,33.0,67.39759036144578,0.7795180722891567,0.0,0.0
9898,1269,Haas F1 Team,Baku,10.0,MEDIUM,6,SOFT,24.904819277108437,25.3,32.05903614457831,33.0,67.39759036144578,0.7795180722891567,0.0,0.0
9898,1269,Kick Sauber,Baku,10.0,MEDIUM,6,SOFT,24.904819277108437,25.3,32.05903614457831,33.0,67.39759036144578,0.7795180722891567,0.0,0.0
9898,1269,McLaren,Baku,10.0,SOFT,8,SOFT,24.904819277108437,25.3,32.05903614457831,33.0,67.39759036144578,0.7795180722891567,0.0,0.0
9898,1269,Mercedes,Baku,10.0,SOFT,8,SOFT,24.904819277108437,25.3,32.05903614457831,33.0,67.39759036144578,0.7795180722891567,0.0,0.0
9898,1269,Racing Bulls,Baku,10.0,MEDIUM,7,SOFT,24.904819277108437,25.3,32.05903614457831,33.0,67.39759036144578,0.7795180722891567,0.0,0.0
9898,1269,Red Bull Racing,Baku,10.0,SOFT,6,MEDIUM,24.904819277108437,25.3,32.05903614457831,33.0,67.39759036144578,0.7795180722891567,0.0,0.0
9898,1269,Williams,Baku,10.0,HARD,6,MEDIUM,24.904819277108437,25.3,32.05903614457831,33.0,67.39759036144578,0.7795180722891567,0.0,0.0
9899,1269,Alpine,Baku,10.0,HARD,4,SOFT,21.937349397590364,22.8,32.742168674698796,36.3,56.903614457831324,2.080722891566265,0.0,0.0
9899,1269,Aston Martin,Baku,10.0,SOFT,7,MEDIUM,21.937349397590364,22.8,32.742168674698796,36.3,56.903614457831324,2.080722891566265,0.0,0.0
9899,1269,Ferrari,Baku,10.0,SOFT,8,SOFT,21.937349397590364,22.8,32.742168674698796,36.3,56.903614457831324,2.080722891566265,0.0,0.0
9899,1269,Haas F1 Team,Baku,10.0,HARD,6,SOFT,21.937349397590364,22.8,32.742168674698796,36.3,56.903614457831324,2.080722891566265,0.0,0.0
9899,1269,Kick Sauber,Baku,10.0,SOFT,7,SOFT,21.937349397590364,22.8,32.742168674698796,36.3,56.903614457831324,2.080722891566265,0.0,0.0
9899,1269,McLaren,Baku,10.0,SOFT,5,SOFT,21.937349397590364,22.8,32.742168674698796,36.3,56.903614457831324,2.080722891566265,0.0,0.0
9899,1269,Mercedes,Baku,10.0,SOFT,7,SOFT,21.937349397590364,22.8,32.742168674698796,36.3,56.903614457831324,2.080722891566265,0.0,0.0
9899,1269,Racing Bulls,Baku,10.0,HARD,7,SOFT,21.937349397590364,22.8,32.742168674698796,36.3,56.903614457831324,2.080722891566265,0.0,0.0
9899,1269,Red Bull Racing,Baku,10.0,SOFT,5,SOFT,21.937349397590364,22.8,32.742168674698796,36.3,56.903614457831324,2.080722891566265,0.0,0.0
9899,1269,Williams,Baku,10.0,SOFT,4,SOFT,21.937349397590364,22.8,32.742168674698796,36.3,56.903614457831324,2.080722891566265,0.0,0.0
9900,1269,Alpine,Baku,17.0,SOFT,6,MEDIUM,20.748888888888892,21.6,26.07851851851852,28.6,59.48888888888889,2.274814814814815,28.0,0.2074074074074074
9900,1269,Aston Martin,Baku,12.5,SOFT,11,MEDIUM,20.748888888888892,21.6,26.07851851851852,28.6,59.48888888888889,2.274814814814815,28.0,0.2074074074074074
9900,1269,Ferrari,Baku,11.0,SOFT,12,MEDIUM,20.748888888888892,21.6,26.07851851851852,28.6,59.48888888888889,2.274814814814815,28.0,0.2074074074074074
9900,1269,Haas F1 Team,Baku,17.5,SOFT,7,MEDIUM,20.748888888888892,21.6,26.07851851851852,28.6,59.48888888888889,2.274814814814815,28.0,0.2074074074074074
9900,1269,Kick Sauber,Baku,15.0,SOFT,9,MEDIUM,20.748888888888892,21.6,26.07851851851852,28.6,59.48888888888889,2.274814814814815,28.0,0.2074074074074074
9900,1269,McLaren,Baku,8.0,MEDIUM,17,SOFT,20.748888888888892,21.6,26.07851851851852,28.6,59.48888888888889,2.274814814814815,28.0,0.2074074074074074
9900,1269,Mercedes,Baku,4.5,SOFT,16,MEDIUM,20.748888888888892,21.6,26.07851851851852,28.6,59.48888888888889,2.274814814814815,28.0,0.2074074074074074
9900,1269,Racing Bulls,Baku,5.5,SOFT,18,MEDIUM,20.748888888888892,21.6,26.07851851851852,28.6,59.48888888888889,2.274814814814815,28.0,0.2074074074074074
9900,1269,Red Bull Racing,Baku,3.5,MEDIUM,16,SOFT,20.748888888888892,21.6,26.07851851851852,28.6,59.48888888888889,2.274814814814815,28.0,0.2074074074074074
9900,1269,Williams,Baku,10.5,SOFT,10,MEDIUM,20.748888888888892,21.6,26.07851851851852,28.6,59.48888888888889,2.274814814814815,28.0,0.2074074074074074
9904,1269,Alpine,Baku,10.0,HARD,2,MEDIUM,20.551923076923078,21.1,26.107051282051284,29.0,59.833333333333336,1.5070512820512822,0.0,0.0
9904,1269,Aston Martin,Baku,10.0,MEDIUM,2,HARD,20.551923076923078,21.1,26.107051282051284,29.0,59.833333333333336,1.5070512820512822,0.0,0.0
9904,1269,Ferrari,Baku,10.0,HARD,2,MEDIUM,20.551923076923078,21.1,26.107051282051284,29.0,59.833333333333336,1.5070512820512822,0.0,0.0
9904,1269,Haas F1 Team,Baku,10.0,HARD,3,MEDIUM,20.551923076923078,21.1,26.107051282051284,29.0,59.833333333333336,1.5070512820512822,0.0,0.0
9904,1269,Kick Sauber,Baku,10.0,HARD,2,MEDIUM,20.551923076923078,21.1,26.107051282051284,29.0,59.833333333333336,1.5070512820512822,0.0,0.0
9904,1269,McLaren,Baku,10.0,MEDIUM,1,HARD,20.551923076923078,21.1,26.107051282051284,29.0,59.833333333333336,1.5070512820512822,0.0,0.0
9904,1269,Mercedes,Baku,10.0,HARD,2,MEDIUM,20.551923076923078,21.1,26.107051282051284,29.0,59.833333333333336,1.5070512820512822,0.0,0.0
9904,1269,Racing Bulls,Baku,10.0,MEDIUM,2,HARD,20.551923076923078,21.1,26.107051282051284,29.0,59.833333333333336,1.5070512820512822,0.0,0.0
9904,1269,Red Bull Racing,Baku,10.0,HARD,2,MEDIUM,20.551923076923078,21.1,26.107051282051284,29.0,59.833333333333336,1.5070512820512822,0.0,0.0
9904,1269,Williams,Baku,10.0,MEDIUM,3,HARD,20.551923076923078,21.1,26.107051282051284,29.0,59.833333333333336,1.5070512820512822,0.0,0.0
9972,1261,Alpine,Monte Carlo,10.0,HARD,7,SOFT,21.456097560975607,22.3,38.36585365853659,42.0,42.65853658536585,0.775609756097561,0.0,0.0
9972,1261,Aston Martin,Monte Carlo,10.0,SOFT,5,SOFT,21.456097560975607,22.3,38.36585365853659,42.0,42.65853658536585,0.775609756097561,0.0,0.0
9972,1261,Ferrari,Monte Carlo,10.0,MEDIUM,7,SOFT,21.456097560975607,22.3,38.36585365853659,42.0,42.65853658536585,0.775609756097561,0.0,0.0
9972,1261,Haas F1 Team,Monte Carlo,10.0,HARD,7,SOFT,21.456097560975607,22.3,38.36585365853659,42.0,42.65853658536585,0.775609756097561,0.0,0.0
9972,1261,Kick Sauber,Monte Carlo,10.0,MEDIUM,6,SOFT,21.456097560975607,22.3,38.36585365853659,42.0,42.65853658536585,0.775609756097561,0.0,0.0
9972,1261,McLaren,Monte Carlo,10.0,SOFT,9,MEDIUM,21.456097560975607,22.3,38.36585365853659,42.0,42.65853658536585,0.775609756097561,0.0,0.0
9972,1261,Mercedes,Monte Carlo,10.0,SOFT,8,SOFT,21.456097560975607,22.3,38.36585365853659,42.0,42.65853658536585,0.775609756097561,0.0,0.0
9972,1261,Racing Bulls,Monte Carlo,10.0,HARD,7,MEDIUM,21.456097560975607,22.3,38.36585365853659,42.0,42.65853658536585,0.775609756097561,0.0,0.0
9972,1261,Red Bull Racing,Monte Carlo,10.0,HARD,8,SOFT,21.456097560975607,22.3,38.36585365853659,42.0,42.65853658536585,0.775609756097561,0.0,0.0
9972,1261,Williams,Monte Carlo,10.0,HARD,9,SOFT,21.456097560975607,22.3,38.36585365853659,42.0,42.65853658536585,0.775609756097561,0.0,0.0
9980,1260,Alpine,Imola,10.0,MEDIUM,16,SOFT,19.302631578947366,19.8,39.53157894736842,40.9,32.421052631578945,3.206578947368421,0.0,0.0
9980,1260,Aston Martin,Imola,10.0,SOFT,7,SOFT,19.302631578947366,19.8,39.53157894736842,40.9,32.421052631578945,3.206578947368421,0.0,0.0
9980,1260,Ferrari,Imola,10.0,SOFT,10,SOFT,19.302631578947366,19.8,39.53157894736842,40.9,32.421052631578945,3.206578947368421,0.0,0.0
9980,1260,Haas F1 Team,Imola,10.0,MEDIUM,11,SOFT,19.302631578947366,19.8,39.53157894736842,40.9,32.421052631578945,3.206578947368421,0.0,0.0
9980,1260,Kick Sauber,Imola,10.0,MEDIUM,10,SOFT,19.302631578947366,19.8,39.53157894736842,40.9,32.421052631578945,3.206578947368421,0.0,0.0
9980,1260,McLaren,Imola,10.0,SOFT,7,SOFT,19.302631578947366,19.8,39.53157894736842,40.9,32.421052631578945,3.206578947368421,0.0,0.0
9980,1260,Mercedes,Imola,10.0,SOFT,10,SOFT,19.302631578947366,19.8,39.53157894736842,40.9,32.421052631578945,3.206578947368421,0.0,0.0
9980,1260,Racing Bulls,Imola,10.0,SOFT,10,SOFT,19.302631578947366,19.8,39.53157894736842,40.9,32.421052631578945,3.206578947368421,0.0,0.0
9980,1260,Red Bull Racing,Imola,10.0,SOFT,9,SOFT,19.302631578947366,19.8,39.53157894736842,40.9,32.421052631578945,3.206578947368421,0.0,0.0
9980,1260,Williams,Imola,10.0,MEDIUM,10,SOFT,19.302631578947366,19.8,39.53157894736842,40.9,32.421052631578945,3.206578947368421,0.0,0.0
9981,1260,Alpine,Imola,10.0,MEDIUM,12,SOFT,19.67654320987654,20.1,34.91234567901235,37.9,31.555555555555557,2.328395061728395,0.0,0.0
9981,1260,Aston Martin,Imola,10.0,MEDIUM,10,SOFT,19.67654320987654,20.1,34.91234567901235,37.9,31.555555555555557,2.328395061728395,0.0,0.0
9981,1260,Ferrari,Imola,10.0,MEDIUM,9,SOFT,19.67654320987654,20.1,34.91234567901235,37.9,31.555555555555557,2.328395061728395,0.0,0.0
9981,1260,Haas F1 Team,Imola,10.0,MEDIUM,13,SOFT,19.67654320987654,20.1,34.91234567901235,37.9,31.555555555555557,2.328395061728395,0.0,0.0
9981,1260,Kick Sauber,Imola,10.0,MEDIUM,11,SOFT,19.67654320987654,20.1,34.91234567901235,37.9,31.555555555555557,2.328395061728395,0.0,0.0
9981,1260,McLaren,Imola,10.0,MEDIUM,9,SOFT,19.67654320987654,20.1,34.91234567901235,37.9,31.555555555555557,2.328395061728395,0.0,0.0
9981,1260,Mercedes,Imola,10.0,MEDIUM,10,SOFT,19.67654320987654,20.1,34.91234567901235,37.9,31.555555555555557,2.328395061728395,0.0,0.0
9981,1260,Racing Bulls,Imola,10.0,MEDIUM,13,SOFT,19.67654320987654,20.1,34.91234567901235,37.9,31.555555555555557,2.328395061728395,0.0,0.0
9981,1260,Red Bull Racing,Imola,10.0,MEDIUM,8,SOFT,19.67654320987654,20.1,34.91234567901235,37.9,31.555555555555557,2.328395061728395,0.0,0.0
9981,1260,Williams,Imola,10.0,MEDIUM,10,SOFT,19.67654320987654,20.1,34.91234567901235,37.9,31.555555555555557,2.328395061728395,0.0,0.0
9982,1260,Alpine,Imola,10.0,SOFT,8,SOFT,21.992307692307694,22.5,42.15897435897436,46.5,30.58974358974359,1.6538461538461537,0.0,0.0
9982,1260,Aston Martin,Imola,10.0,HARD,8,SOFT,21.992307692307694,22.5,42.15897435897436,46.5,30.58974358974359,1.6538461538461537,0.0,0.0
9982,1260,Ferrari,Imola,10.0,MEDIUM,10,SOFT,21.992307692307694,22.5,42.15897435897436,46.5,30.58974358974359,1.6538461538461537,0.0,0.0
9982,1260,Haas F1 Team,Imola,10.0,SOFT,10,SOFT,21.992307692307694,22.5,42.15897435897436,46.5,30.58974358974359,1.6538461538461537,0.0,0.0
9982,1260,Kick Sauber,Imola,10.0,SOFT,11,SOFT,21.992307692307694,22.5,42.15897435897436,46.5,30.58974358974359,1.6538461538461537,0.0,0.0
9982,1260,McLaren,Imola,10.0,HARD,10,SOFT,21.992307692307694,22.5,42.15897435897436,46.5,30.58974358974359,1.6538461538461537,0.0,0.0
9982,1260,Mercedes,Imola,10.0,MEDIUM,9,SOFT,21.992307692307694,22.5,42.15897435897436,46.5,30.58974358974359,1.6538461538461537,0.0,0.0
9982,1260,Racing Bulls,Imola,10.0,MEDIUM,15,SOFT,21.992307692307694,22.5,42.15897435897436,46.5,30.58974358974359,1.6538461538461537,0.0,0.0
9982,1260,Red Bull Racing,Imola,10.0,MEDIUM,8,SOFT,21.992307692307694,22.5,42.15897435897436,46.5,30.58974358974359,1.6538461538461537,0.0,0.0
9982,1260,Williams,Imola,10.0,MEDIUM,9,SOFT,21.992307692307694,22.5,42.15897435897436,46.5,30.58974358974359,1.6538461538461537,0.0,0.0
9983,1260,Alpine,Imola,13.0,SOFT,8,SOFT,22.800909090909094,23.3,39.41636363636363,41.6,30.436363636363637,1.9636363636363636,0.0,0.0
9983,1260,Aston Martin,Imola,6.5,SOFT,14,MEDIUM,22.800909090909094,23.3,39.41636363636363,41.6,30.436363636363637,1.9636363636363636,0.0,0.0
9983,1260,Ferrari,Imola,11.5,SOFT,10,SOFT,22.800909090909094,23.3,39.41636363636363,41.6,30.436363636363637,1.9636363636363636,0.0,0.0
9983,1260,Haas F1 Team,Imola,18.5,SOFT,6,SOFT,22.800909090909094,23.3,39.41636363636363,41.6,30.436363636363637,1.9636363636363636,0.0,0.0
9983,1260,Kick Sauber,Imola,15.5,SOFT,8,SOFT,22.800909090909094,23.3,39.41636363636363,41.6,30.436363636363637,1.9636363636363636,0.0,0.0
9983,1260,McLaren,Imola,2.5,SOFT,13,SOFT,22.800909090909094,23.3,39.41636363636363,41.6,30.436363636363637,1.9636363636363636,0.0,0.0
9983,1260,Mercedes,Imola,8.0,SOFT,12,MEDIUM,22.800909090909094,23.3,39.41636363636363,41.6,30.436363636363637,1.9636363636363636,0.0,0.0
9983,1260,Racing Bulls,Imola,12.0,SOFT,10,SOFT,22.800909090909094,23.3,39.41636363636363,41.6,30.436363636363637,1.9636363636363636,0.0,0.0
9983,1260,Red Bull Racing,Imola,11.0,SOFT,7,SOFT,22.800909090909094,23.3,39.41636363636363,41.6,30.436363636363637,1.9636363636363636,0.0,0.0
9983,1260,Williams,Imola,6.5,SOFT,14,SOFT,22.800909090909094,23.3,39.41636363636363,41.6,30.436363636363637,1.9636363636363636,0.0,0.0
9987,1260,Alpine,Imola,10.0,MEDIUM,4,HARD,23.964666666666666,24.3,42.664,45.9,38.306666666666665,3.2479999999999998,0.0,0.0
9987,1260,Aston Martin,Imola,10.0,MEDIUM,4,HARD,23.964666666666666,24.3,42.664,45.9,38.306666666666665,3.2479999999999998,0.0,0.0
9987,1260,Ferrari,Imola,10.0,HARD,4,MEDIUM,23.964666666666666,24.3,42.664,45.9,38.306666666666665,3.2479999999999998,0.0,0.0
9987,1260,Haas F1 Team,Imola,10.0,HARD,3,MEDIUM,23.964666666666666,24.3,42.664,45.9,38.306666666666665,3.2479999999999998,0.0,0.0
9987,1260,Kick Sauber,Imola,10.0,HARD,4,MEDIUM,23.964666666666666,24.3,42.664,45.9,38.306666666666665,3.2479999999999998,0.0,0.0
9987,1260,McLaren,Imola,10.0,MEDIUM,4,HARD,23.964666666666666,24.3,42.664,45.9,38.306666666666665,3.2479999999999998,0.0,0.0
9987,1260,Mercedes,Imola,10.0,HARD,3,MEDIUM,23.964666666666666,24.3,42.664,45.9,38.306666666666665,3.2479999999999998,0.0,0.0
9987,1260,Racing Bulls,Imola,10.0,MEDIUM,4,HARD,23.964666666666666,24.3,42.664,45.9,38.306666666666665,3.2479999999999998,0.0,0.0
9987,1260,Red Bull Racing,Imola,10.0,HARD,3,MEDIUM,23.964666666666666,24.3,42.664,45.9,38.306666666666665,3.2479999999999998,0.0,0.0
9987,1260,Williams,Imola,10.0,MEDIUM,4,HARD,23.964666666666666,24.3,42.664,45.9,38.306666666666665,3.2479999999999998,0.0,0.0
